frame_idx,timestamp,density_lane_0,avg_speed_lane_0,density
1,0.030379727551604015,0,0.0,0
2,0.06075945510320803,0,0.0,0
3,0.09113918265481205,0,0.0,0
4,0.12151891020641606,0,0.0,0
5,0.15189863775802007,0,0.0,0
6,0.1822783653096241,0,0.0,0
7,0.2126580928612281,0,0.0,0
8,0.24303782041283212,0,0.0,0
9,0.2734175479644361,0,0.0,0
10,0.30379727551604013,1,0.0,1
11,0.3341770030676442,1,15.405009778479403,1
12,0.3645567306192482,1,5.299484470573681,1
13,0.3949364581708522,1,1.1850007521907235,1
14,0.4253161857224562,1,0.0,1
15,0.4556959132740602,1,40.80947150201041,1
16,0.48607564082566423,1,15.898453411721043,1
17,0.5164553683772682,1,5.299484470573681,1
18,0.5468350959288723,1,1.6758441351704405,1
19,0.5772148234804763,1,0.0,1
20,0.6075945510320803,1,29.625018804768082,1
21,0.6379742785836844,1,10.124650864921632,1
22,0.6683540061352884,1,3.747301405935451,1
23,0.6987337336868924,1,1.1850007521907235,1
24,0.7291134612384964,1,0.0,1
25,0.7594931887901004,1,14.31841856746466,1
26,0.7898729163417044,1,6.381424347125399,1
27,0.8202526438933084,1,1.1850007521907235,1
28,0.8506323714449124,1,1.1850007521907235,1
29,0.8810120989965164,1,1.1850007521907235,1
30,0.9113918265481205,2,78.78250046489516,2
31,0.9417715540997245,2,27.97105525586663,2
32,0.9721512816513285,3,15.507291878159915,3
33,1.0025310092029325,3,18.18885302186909,3
34,1.0329107367545365,3,6.369187664059512,3
35,1.0632904643061405,3,21.265579112018738,3
36,1.0936701918577445,3,10.422390555977158,3
37,1.1240499194093485,3,6.006321734157761,3
38,1.1544296469609525,3,4.423228223425326,3
39,1.1848093745125565,3,3.6036290095574492,3
40,1.2151891020641605,3,16.7483210989073,3
41,1.2455688296157645,3,8.146437530159973,3
42,1.2759485571673688,3,4.788629761748173,3
43,1.3063282847189728,3,4.872362651761028,3
44,1.3367080122705768,3,3.642741742253786,3
45,1.3670877398221808,3,23.825944509017315,3
46,1.3974674673737848,3,12.349990080133479,3
47,1.4278471949253888,4,7.592744249556197,4
48,1.4582269224769928,4,5.244982425561546,4
49,1.4886066500285968,4,3.714183167056059,4
50,1.5189863775802008,2,68.21048338044453,2
51,1.5493661051318048,2,4.220442762145451,2
52,1.5797458326834088,2,3.783212549658061,2
53,1.6101255602350129,2,2.4429416338593652,2
54,1.6405052877866169,2,2.4429416338593652,2
55,1.6708850153382209,2,23.45169743273268,2
56,1.7012647428898249,2,10.34788260959219,2
57,1.7316444704414289,2,5.670913214808154,2
58,1.762024197993033,2,3.834742987477564,2
59,1.792403925544637,2,2.4429416338593652,2
60,1.822783653096241,2,19.32300887052522,2
61,1.853163380647845,2,8.824365980984764,2
62,1.883543108199449,2,4.894821682489039,2
63,1.913922835751053,2,3.834742987477564,2
64,1.944302563302657,2,3.035442009954727,2
65,1.974682290854261,2,49.75722448043064,2
66,2.005062018405865,2,10.500586397796262,2
67,2.035441745957469,2,3.783212549658061,2
68,2.065821473509073,2,2.022922819775944,2
69,2.096201201060677,2,0.0,2
70,2.126580928612281,2,16.10335382538468,2
71,2.156960656163885,2,9.158464241205781,2
72,2.187340383715489,2,6.387196550104236,2
73,2.2177201112670932,2,5.654825808556177,2
74,2.248099838818697,2,5.478383643814093,2
75,2.2784795663703012,1,10.124650864921632,1
76,2.308859293921905,1,9.771766535437461,1
77,2.3392390214735093,1,11.24190421780635,1
78,2.369618749025113,1,9.771766535437461,1
79,2.3999984765767173,1,10.124650864921632,1
80,2.430378204128321,1,0.0,1
81,2.4607579316799253,1,8.5451619469741,1
82,2.491137659231529,1,2.6497422352868405,1
83,2.5215173867831333,1,1.1850007521907235,1
84,2.5518971143347375,1,0.0,1
85,2.5822768418863413,1,31.10485899783485,1
86,2.6126565694379456,1,12.37177106616071,1
87,2.6430362969895493,1,3.747301405935451,1
88,2.6734160245411536,1,2.370001504381447,1
89,2.7037957520927574,1,1.1850007521907235,1
90,2.7341754796443616,1,29.147164588155245,1
91,2.7645552071959654,1,9.553781496089268,1
92,2.7949349347475696,1,5.299484470573681,1
93,2.8253146622991734,1,1.1850007521907235,1
94,2.8556943898507776,1,0.0,1
95,2.8860741174023814,1,32.925113154531026,1
96,2.9164538449539856,1,12.200329461347081,1
97,2.9468335725055894,1,5.299484470573681,1
98,2.9772133000571936,1,1.1850007521907235,1
99,3.0075930276087974,1,0.0,1
100,3.0379727551604017,1,38.68986624880333,1
101,3.0683524827120054,1,14.31841856746466,1
102,3.0987322102636097,1,4.27258097348705,1
103,3.1291119378152135,1,2.6497422352868405,1
104,3.1594916653668177,1,0.0,1
105,3.1898713929184215,1,37.86443641636733,1
106,3.2202511204700257,1,14.989205623741803,1
107,3.2506308480216295,1,4.27258097348705,1
108,3.2810105755732337,1,2.370001504381447,1
109,3.3113903031248375,1,0.0,1
110,3.3417700306764417,1,42.02995708571763,1
111,3.372149758228046,1,15.405009778479403,1
112,3.4025294857796498,1,4.8858832677187305,1
113,3.432909213331254,1,2.370001504381447,1
114,3.4632889408828578,1,1.1850007521907235,1
115,3.493668668434462,2,37.92874374334871,2
116,3.524048395986066,2,8.253037606023515,2
117,3.55442812353767,2,5.891984846669043,2
118,3.584807851089274,2,4.512348429481307,2
119,3.615187578640878,2,5.062325432460816,2
120,3.645567306192482,3,23.572628913954293,3
121,3.675947033744086,3,8.82668593641579,3
122,3.70632676129569,4,5.908499587015229,4
123,3.736706488847294,4,3.538492799429884,4
124,3.767086216398898,4,2.8274129042780887,4
125,3.797465943950502,4,17.017895260927244,4
126,3.827845671502106,3,4.983233539972077,3
127,3.85822539905371,3,5.375929161841694,3
128,3.888605126605314,3,5.159595085680962,3
129,3.918984854156918,3,5.398511628277029,3
130,3.949364581708522,3,5.470302304036918,3
131,3.979744309260126,2,2.4429416338593652,2
132,4.01012403681173,2,2.370001504381447,2
133,4.040503764363334,2,2.4429416338593652,2
134,4.070883491914938,2,2.466151079063087,2
135,4.101263219466542,2,85.57570500702661,2
136,4.131642947018146,2,5.633653807422064,2
137,4.16202267456975,2,3.627942386050089,2
138,4.192402402121354,2,2.962501880476809,2
139,4.222782129672958,2,2.4429416338593652,2
140,4.253161857224562,2,34.118169118975366,2
141,4.283541584776167,2,14.279111674832915,2
142,4.31392131232777,2,7.219832381903999,2
143,4.344301039879374,2,3.6948726220248673,2
144,4.374680767430978,2,3.035442009954727,2
145,4.405060494982583,3,8.32455658960718,3
146,4.4354402225341865,3,7.423350552125889,3
147,4.46581995008579,3,7.108777550548204,3
148,4.496199677637394,3,6.3912383124626055,3
149,4.526579405188999,3,5.993331396786974,3
150,4.5569591327406025,3,30.403781664784194,3
151,4.587338860292206,3,7.557668393568122,3
152,4.61771858784381,3,3.301875669129006,3
153,4.648098315395415,3,2.5822427183599648,3
154,4.6784780429470185,3,1.5800010029209648,3
155,4.708857770498622,2,31.374965586726077,2
156,4.739237498050226,1,6.909682381379605,1
157,4.769617225601831,1,3.747301405935451,1
158,4.7999969531534346,1,0.0,1
159,4.830376680705038,1,1.1850007521907235,1
160,4.860756408256642,1,22.793944581757994,1
161,4.891136135808247,1,8.5451619469741,1
162,4.921515863359851,1,2.6497422352868405,1
163,4.951895590911454,1,1.1850007521907235,1
164,4.982275318463058,1,1.1850007521907235,1
165,5.012655046014663,1,22.264142792626913,1
166,5.043034773566267,1,7.9492267058605215,1
167,5.07341450111787,1,2.370001504381447,1
168,5.103794228669475,1,1.6758441351704405,1
169,5.134173956221079,1,0.0,1
170,5.164553683772683,1,25.109715757629925,1
171,5.194933411324286,1,8.626935694828537,1
172,5.225313138875891,1,3.747301405935451,1
173,5.255692866427495,1,1.1850007521907235,1
174,5.286072593979099,1,0.0,1
175,5.3164523215307025,1,25.109715757629925,1
176,5.346832049082307,1,9.771766535437461,1
177,5.377211776633911,1,3.747301405935451,1
178,5.407591504185515,1,1.1850007521907235,1
179,5.4379712317371185,1,0.0,1
180,5.468350959288723,1,26.23110984154815,1
181,5.498730686840327,1,10.124650864921632,1
182,5.529110414391931,1,3.747301405935451,1
183,5.5594901419435345,1,1.6758441351704405,1
184,5.589869869495139,1,0.0,1
185,5.620249597046743,1,30.3739525947649,1
186,5.650629324598347,1,11.24190421780635,1
187,5.6810090521499506,3,3.747301405935451,3
188,5.711388779701555,3,0.5586147117234802,3
189,5.741768507253159,3,0.0,3
190,5.772148234804763,4,11.744201765127622,4
191,5.802527962356367,4,4.820363361885079,4
192,5.832907689907971,4,1.9873066764651304,4
193,5.863287417459575,4,0.5925003760953618,4
194,5.893667145011179,4,0.0,4
195,5.9240468725627835,4,12.787585186309528,4
196,5.954426600114387,4,4.923733068304496,4
197,5.984806327665991,4,2.0049705948556253,4
198,6.015186055217595,4,0.5925003760953618,4
199,6.0455657827691995,4,0.0,4
200,6.075945510320803,3,15.102522359563709,3
201,6.106325237872407,3,5.734792815535752,3
202,6.136704965424011,3,2.1323478804074303,3
203,6.167084692975616,3,0.9536149624537215,3
204,6.197464420527219,3,0.3950002507302412,3
205,6.227844148078823,3,23.495384810717194,3
206,6.258223875630427,3,9.391348194282287,3
207,6.288603603182032,2,1.3248711176434202,2
208,6.318983330733635,2,0.8379220675852203,2
209,6.349363058285239,2,0.0,2
210,6.379742785836843,2,11.179274737640167,2
211,6.410122513388448,2,4.27258097348705,2
212,6.440502240940051,2,1.6758441351704405,2
213,6.470881968491655,2,0.0,2
214,6.501261696043259,2,0.0,2
215,6.531641423594864,2,14.3306722441339,2
216,6.5620211511464674,2,5.299484470573681,2
217,6.592400878698071,2,2.136290486743525,2
218,6.622780606249675,2,0.5925003760953618,2
219,6.65316033380128,2,0.5925003760953618,2
220,6.6835400613528835,1,26.311286625086243,1
221,6.713919788904487,1,10.193761912034779,1
222,6.744299516456092,1,3.747301405935451,1
223,6.774679244007696,1,1.6758441351704405,1
224,6.8050589715592995,1,0.0,1
225,6.835438699110903,1,30.90103901539485,1
226,6.865818426662508,1,12.200329461347081,1
227,6.896198154214112,1,4.27258097348705,1
228,6.9265778817657155,1,1.6758441351704405,1
229,6.956957609317319,1,0.0,1
230,6.987337336868924,1,33.390957839779155,1
231,7.017717064420528,1,13.2487111764342,1
232,7.048096791972132,1,5.299484470573681,1
233,7.078476519523735,1,0.0,1
234,7.10885624707534,1,1.1850007521907235,1
235,7.139235974626944,1,31.48625269194418,1
236,7.169615702178548,1,12.37177106616071,1
237,7.199995429730151,1,3.747301405935451,1
238,7.230375157281756,1,2.370001504381447,1
239,7.26075488483336,1,1.1850007521907235,1
240,7.291134612384964,1,35.98189952799267,1
241,7.321514339936567,1,13.870078198369448,1
242,7.351894067488172,1,4.8858832677187305,1
243,7.382273795039776,1,1.1850007521907235,1
244,7.41265352259138,1,0.0,1
245,7.4430332501429834,1,39.39125023244758,1
246,7.473412977694588,1,14.989205623741803,1
247,7.503792705246192,2,4.8858832677187305,2
248,7.534172432797796,2,1.917371493738782,2
249,7.5645521603494,2,0.0,2
250,7.594931887901004,1,23.96515708526162,1
251,7.625311615452608,1,9.553781496089268,1
252,7.655691343004212,1,2.370001504381447,1
253,7.686071070555816,1,1.1850007521907235,1
254,7.71645079810742,1,0.0,1
255,7.746830525659024,1,23.96515708526162,1
256,7.777210253210628,1,8.379220675852203,1
257,7.807589980762232,1,3.555002256572171,1
258,7.837969708313836,1,0.0,1
259,7.86834943586544,1,0.0,1
260,7.898729163417044,1,26.070016548195913,1
261,7.9291088909686485,1,10.665006769716511,1
262,7.959488618520252,1,3.555002256572171,1
263,7.989868346071856,1,1.1850007521907235,1
264,8.02024807362346,1,0.0,1
265,8.050627801175064,1,28.6613444882678,1
266,8.081007528726667,1,9.480006017525788,1
267,8.111387256278272,1,4.8858832677187305,1
268,8.141766983829877,1,0.0,1
269,8.17214671138148,1,0.0,1
270,8.202526438933084,1,32.08267806330484,1
271,8.232906166484689,1,11.909110170451468,1
272,8.263285894036292,1,4.8858832677187305,1
273,8.293665621587897,1,1.1850007521907235,1
274,8.3240453491395,1,0.0,1
275,8.354425076691104,1,37.0395675823929,1
276,8.384804804242709,1,14.416156347601875,1
277,8.415184531794312,1,4.740003008762894,1
278,8.445564259345916,1,1.6758441351704405,1
279,8.475943986897521,1,1.1850007521907235,1
280,8.506323714449124,1,40.723357307077926,1
281,8.536703442000729,1,15.80988195146565,1
282,8.567083169552333,1,5.925003760953617,1
283,8.597462897103936,1,1.6758441351704405,1
284,8.62784262465554,1,0.0,1
285,8.658222352207144,1,45.045617999876285,1
286,8.688602079758748,3,16.63227814192747,3
287,8.718981807310353,3,2.3700015043814466,3
288,8.749361534861956,3,0.7900005014604824,3
289,8.77974126241356,3,0.0,3
290,8.810120989965165,3,18.170996432980107,3
291,8.840500717516768,3,6.922053398863258,3
292,8.870880445068373,3,2.961307436323793,3
293,8.901260172619976,2,0.8379220675852203,2
294,8.93163990017158,2,0.5925003760953618,2
295,8.962019627723185,2,2.974212554328745,2
296,8.992399355274788,3,1.4304224436805821,3
297,9.022779082826393,3,0.7900005014604824,3
298,9.053158810377997,3,0.9536149624537215,3
299,9.0835385379296,3,0.7900005014604824,3
300,9.113918265481205,3,2.3251095352480404,3
301,9.144297993032808,3,1.5122296741772017,3
302,9.174677720584413,3,0.7900005014604824,3
303,9.205057448136017,3,0.5586147117234802,3
304,9.23543717568762,3,0.3950002507302412,3
305,9.265816903239225,3,2.720109785978282,3
306,9.29619663079083,3,1.3486152131839626,3
307,9.326576358342432,3,0.9536149624537215,3
308,9.356956085894037,3,0.5586147117234802,3
309,9.387335813445642,3,0.3950002507302412,3
310,9.417715540997245,3,2.961307436323793,3
311,9.44809526854885,3,1.7436154639142039,3
312,9.478474996100452,3,0.9536149624537215,3
313,9.508854723652057,3,0.9536149624537215,3
314,9.539234451203662,3,0.5586147117234802,3
315,9.569614178755264,3,3.9986292602876907,3
316,9.599993906306869,3,2.138615714644445,3
317,9.630373633858474,3,0.5586147117234802,3
318,9.660753361410077,3,0.7900005014604824,3
319,9.691133088961681,3,0.9536149624537215,3
320,9.721512816513284,2,3.058651455158449,2
321,9.751892544064889,2,1.7775011282860853,2
322,9.782272271616494,2,0.5925003760953618,2
323,9.812651999168096,2,0.0,2
324,9.843031726719701,2,0.0,2
325,9.873411454271306,2,5.381540215186554,2
326,9.903791181822909,2,1.917371493738782,2
327,9.934170909374513,3,0.5925003760953618,3
328,9.964550636926116,3,0.3950002507302412,3
329,9.994930364477721,3,0.0,3
330,10.025310092029326,2,2.6497422352868405,2
331,10.055689819580929,2,0.5925003760953618,2
332,10.086069547132533,2,0.8379220675852203,2
333,10.116449274684138,2,0.0,2
334,10.14682900223574,2,0.0,2
335,10.177208729787345,2,1.1850007521907235,2
336,10.20758845733895,2,0.5925003760953618,2
337,10.237968184890553,3,0.5925003760953618,3
338,10.268347912442158,3,0.3950002507302412,3
339,10.29872763999376,3,0.3950002507302412,3
340,10.329107367545365,3,5.595385950661107,3
341,10.35948709509697,2,0.5925003760953618,2
342,10.389866822648573,2,0.5925003760953618,2
343,10.420246550200178,2,0.0,2
344,10.450626277751782,2,0.0,2
345,10.481006005303385,3,2.7976929753305537,3
346,10.51138573285499,3,1.9750012536512058,3
347,10.541765460406593,3,1.1850007521907235,3
348,10.572145187958197,3,0.0,3
349,10.602524915509802,3,0.5586147117234802,3
350,10.632904643061405,3,1.7436154639142039,3
351,10.66328437061301,3,0.3950002507302412,3
352,10.693664098164614,3,0.0,3
353,10.724043825716217,3,0.3950002507302412,3
354,10.754423553267822,3,0.3950002507302412,3
355,10.784803280819425,3,2.0236280066364847,3
356,10.81518300837103,3,0.7900005014604824,3
357,10.845562735922634,3,0.7900005014604824,3
358,10.875942463474237,3,0.0,3
359,10.906322191025842,3,0.7900005014604824,3
360,10.936701918577446,3,0.8832474117622802,3
361,10.96708164612905,3,0.7900005014604824,3
362,10.997461373680654,3,0.3950002507302412,3
363,11.027841101232259,3,0.3950002507302412,3
364,11.058220828783861,3,0.0,3
365,11.088600556335466,3,1.5800010029209648,3
366,11.118980283887069,3,0.3950002507302412,3
367,11.149360011438674,3,0.0,3
368,11.179739738990278,3,0.0,3
369,11.210119466541881,3,0.3950002507302412,3
370,11.240499194093486,2,1.4304224436805821,2
371,11.27087892164509,2,0.5925003760953618,2
372,11.301258649196694,2,1.1850007521907235,2
373,11.331638376748298,2,0.0,2
374,11.362018104299901,2,0.0,2
375,11.392397831851506,2,1.1850007521907235,2
376,11.42277755940311,2,0.0,2
377,11.453157286954713,2,1.1850007521907235,2
378,11.483537014506318,2,0.0,2
379,11.513916742057923,2,0.5925003760953618,2
380,11.544296469609526,2,1.7775011282860853,2
381,11.57467619716113,2,0.5925003760953618,2
382,11.605055924712733,2,0.5925003760953618,2
383,11.635435652264338,2,0.0,2
384,11.665815379815943,2,0.0,2
385,11.696195107367545,2,0.0,2
386,11.72657483491915,2,0.5925003760953618,2
387,11.756954562470755,2,0.5925003760953618,2
388,11.787334290022358,2,0.5925003760953618,2
389,11.817714017573962,2,0.5925003760953618,2
390,11.848093745125567,2,1.3248711176434202,2
391,11.87847347267717,2,0.0,2
392,11.908853200228775,2,0.5925003760953618,2
393,11.939232927780377,2,0.5925003760953618,2
394,11.969612655331982,2,0.5925003760953618,2
395,11.999992382883587,2,0.0,2
396,12.03037211043519,2,0.0,2
397,12.060751837986794,2,0.0,2
398,12.091131565538399,2,1.1850007521907235,2
399,12.121511293090002,2,0.0,2
400,12.151891020641607,2,7.328824901578096,2
401,12.18227074819321,2,1.1850007521907235,2
402,12.212650475744814,2,0.0,2
403,12.243030203296419,2,0.0,2
404,12.273409930848022,2,0.0,2
405,12.303789658399626,2,1.7775011282860853,2
406,12.334169385951231,2,0.0,2
407,12.364549113502834,2,0.8379220675852203,2
408,12.394928841054439,2,0.5925003760953618,2
409,12.425308568606042,2,0.0,2
410,12.455688296157646,2,1.1850007521907235,2
411,12.486068023709251,2,0.8379220675852203,2
412,12.516447751260854,2,0.0,2
413,12.546827478812459,2,1.1850007521907235,2
414,12.577207206364063,2,0.0,2
415,12.607586933915666,2,1.1850007521907235,2
416,12.63796666146727,2,0.5925003760953618,2
417,12.668346389018875,2,0.5925003760953618,2
418,12.698726116570478,2,0.5925003760953618,2
419,12.729105844122083,2,0.5925003760953618,2
420,12.759485571673686,2,5.130685325860243,2
421,12.78986529922529,2,1.1850007521907235,2
422,12.820245026776895,2,0.0,2
423,12.850624754328498,2,0.5925003760953618,2
424,12.881004481880103,2,0.5925003760953618,2
425,12.911384209431708,2,1.3248711176434202,2
426,12.94176393698331,2,0.5925003760953618,2
427,12.972143664534915,2,0.0,2
428,13.002523392086518,2,0.0,2
429,13.032903119638123,2,0.0,2
430,13.063282847189727,2,2.6497422352868405,2
431,13.09366257474133,2,0.8379220675852203,2
432,13.124042302292935,2,0.8379220675852203,2
433,13.15442202984454,2,0.8379220675852203,2
434,13.184801757396142,2,0.5925003760953618,2
435,13.215181484947747,2,2.509871869834144,2
436,13.24556121249935,2,0.8379220675852203,2
437,13.275940940050955,2,0.5925003760953618,2
438,13.30632066760256,2,0.0,2
439,13.336700395154162,2,0.5925003760953618,2
440,13.367080122705767,2,1.7775011282860855,2
441,13.397459850257372,2,0.5925003760953618,2
442,13.427839577808975,2,0.5925003760953618,2
443,13.45821930536058,2,0.0,2
444,13.488599032912184,2,0.5925003760953618,2
445,13.518978760463787,2,3.91379161502961,2
446,13.549358488015391,2,1.1850007521907235,2
447,13.579738215566994,2,0.5925003760953618,2
448,13.610117943118599,2,1.1850007521907235,2
449,13.640497670670204,2,0.0,2
450,13.670877398221807,2,4.316592336827091,2
451,13.701257125773411,2,1.917371493738782,2
452,13.731636853325016,2,0.5925003760953618,2
453,13.762016580876619,2,0.5925003760953618,2
454,13.792396308428224,2,0.0,2
455,13.822776035979826,2,3.035442009954727,2
456,13.853155763531431,2,1.1850007521907235,2
457,13.883535491083036,2,1.1850007521907235,2
458,13.913915218634639,2,0.0,2
459,13.944294946186243,2,0.8379220675852203,2
460,13.974674673737848,2,3.9746133529302607,2
461,14.005054401289451,2,1.1850007521907235,2
462,14.035434128841056,2,0.0,2
463,14.065813856392658,2,0.5925003760953618,2
464,14.096193583944263,2,0.0,2
465,14.126573311495868,2,9.586857468693909,2
466,14.15695303904747,2,3.7678127515027855,2
467,14.187332766599075,2,0.5925003760953618,2
468,14.21771249415068,2,1.1850007521907235,2
469,14.248092221702283,2,0.0,2
470,14.278471949253888,2,4.798672107807399,2
471,14.308851676805492,2,1.7775011282860853,2
472,14.339231404357095,2,0.0,2
473,14.3696111319087,2,0.0,2
474,14.399990859460303,2,0.0,2
475,14.430370587011907,2,3.555002256572171,2
476,14.460750314563512,2,1.1850007521907235,2
477,14.491130042115115,2,1.1850007521907235,2
478,14.52150976966672,2,0.0,2
479,14.551889497218324,2,0.0,2
480,14.582269224769927,2,4.427243363572926,2
481,14.612648952321532,2,1.4304224436805821,2
482,14.643028679873135,2,0.5925003760953618,2
483,14.67340840742474,2,0.0,2
484,14.703788134976344,2,0.0,2
485,14.734167862527947,2,3.9746133529302607,2
486,14.764547590079552,2,1.4304224436805821,2
487,14.794927317631156,2,0.5925003760953618,2
488,14.82530704518276,2,0.0,2
489,14.855686772734364,2,0.0,2
490,14.886066500285967,2,4.567113729025623,2
491,14.916446227837572,2,1.7775011282860853,2
492,14.946825955389176,2,0.5925003760953618,2
493,14.97720568294078,2,1.4304224436805821,2
494,15.007585410492384,2,0.5925003760953618,2
495,15.037965138043988,2,17.53973944229543,2
496,15.068344865595591,2,2.6497422352868405,2
497,15.098724593147196,2,0.8379220675852203,2
498,15.1291043206988,2,1.1850007521907235,2
499,15.159484048250404,2,0.5925003760953618,2
500,15.189863775802008,2,8.374877276308819,2
501,15.220243503353611,2,3.461161604386945,2
502,15.250623230905216,2,1.1850007521907235,2
503,15.28100295845682,2,0.5925003760953618,2
504,15.311382686008423,2,0.0,2
505,15.341762413560028,2,6.283793119411056,2
506,15.372142141111633,2,3.1985218206111456,2
507,15.402521868663236,2,0.5925003760953618,2
508,15.43290159621484,2,0.0,2
509,15.463281323766443,2,0.0,2
510,15.493661051318048,2,8.379220675852203,2
511,15.524040778869653,2,3.102372245929506,2
512,15.554420506421256,2,1.1850007521907235,2
513,15.58480023397286,2,0.0,2
514,15.615179961524465,2,0.0,2
515,15.645559689076068,2,4.346042097164734,2
516,15.675939416627672,2,1.7775011282860855,2
517,15.706319144179275,2,0.5925003760953618,2
518,15.73669887173088,2,0.8379220675852203,2
519,15.767078599282485,2,0.5925003760953618,2
520,15.797458326834088,2,1.1850007521907235,2
521,15.827838054385692,2,1.1850007521907235,2
522,15.858217781937297,2,0.0,2
523,15.8885975094889,2,0.0,2
524,15.918977237040504,2,0.0,2
525,15.94935696459211,2,3.8004239480620288,2
526,15.979736692143712,2,1.1850007521907235,2
527,16.010116419695315,2,0.8379220675852203,2
528,16.04049614724692,2,0.0,2
529,16.070875874798524,2,0.5925003760953618,2
530,16.10125560235013,2,11.282151949389835,2
531,16.131635329901734,2,4.147502632667532,2
532,16.162015057453335,2,1.1850007521907235,2
533,16.19239478500494,2,1.1850007521907235,2
534,16.222774512556544,2,0.0,2
535,16.25315424010815,2,4.196539462995831,2
536,16.283533967659753,2,1.1850007521907235,2
537,16.313913695211358,2,0.8379220675852203,2
538,16.34429342276296,2,0.0,2
539,16.374673150314564,2,0.5925003760953618,2
540,16.40505287786617,2,6.046980720759834,2
541,16.435432605417773,2,2.370001504381447,2
542,16.465812332969378,2,0.5925003760953618,2
543,16.49619206052098,2,0.8379220675852203,2
544,16.526571788072584,2,0.0,2
545,16.55695151562419,2,7.110004513144342,2
546,16.587331243175793,2,2.9625018804768093,2
547,16.617710970727398,2,1.1850007521907235,2
548,16.648090698279,2,1.1850007521907235,2
549,16.678470425830604,2,0.5925003760953618,2
550,16.70885015338221,2,1.4304224436805821,2
551,16.739229880933813,2,0.5925003760953618,2
552,16.769609608485418,2,0.0,2
553,16.799989336037022,2,0.0,2
554,16.830369063588623,2,0.0,2
555,16.860748791140228,2,3.55500225657217,2
556,16.891128518691833,2,0.5925003760953618,2
557,16.921508246243437,2,1.1850007521907235,2
558,16.951887973795042,2,0.0,2
559,16.982267701346643,2,0.0,2
560,17.012647428898248,2,1.1850007521907235,2
561,17.043027156449853,2,0.0,2
562,17.073406884001457,2,0.5925003760953618,2
563,17.103786611553062,2,0.0,2
564,17.134166339104667,2,0.0,2
565,17.164546066656268,2,1.1850007521907235,2
566,17.194925794207872,2,0.0,2
567,17.225305521759477,2,0.0,2
568,17.25568524931108,2,0.5925003760953618,2
569,17.286064976862686,2,0.0,2
570,17.316444704414288,2,1.4304224436805821,2
571,17.346824431965892,2,0.0,2
572,17.377204159517497,2,0.0,2
573,17.4075838870691,2,0.5925003760953618,2
574,17.437963614620706,2,0.0,2
575,17.468343342172307,2,0.8379220675852203,2
576,17.498723069723912,2,0.0,2
577,17.529102797275517,2,0.0,2
578,17.55948252482712,2,0.5925003760953618,2
579,17.589862252378726,2,0.0,2
580,17.62024197993033,2,4.740003008762894,2
581,17.650621707481932,2,1.1850007521907235,2
582,17.681001435033536,2,0.8379220675852203,2
583,17.71138116258514,2,0.0,2
584,17.741760890136746,2,0.5925003760953618,2
585,17.77214061768835,2,4.740003008762894,2
586,17.80252034523995,2,1.1850007521907235,2
587,17.832900072791556,2,0.5925003760953618,2
588,17.86327980034316,2,1.1850007521907235,2
589,17.893659527894766,2,0.0,2
590,17.92403925544637,2,3.555002256572171,2
591,17.954418982997975,2,1.7775011282860855,2
592,17.984798710549576,2,1.1850007521907235,2
593,18.01517843810118,2,0.0,2
594,18.045558165652785,2,0.0,2
595,18.07593789320439,2,4.147502632667533,2
596,18.106317620755995,2,1.1850007521907235,2
597,18.136697348307596,2,0.8379220675852203,2
598,18.1670770758592,2,0.0,2
599,18.197456803410805,2,0.0,2
600,18.22783653096241,2,0.5925003760953618,2
601,18.258216258514015,2,0.0,2
602,18.288595986065616,2,0.5925003760953618,2
603,18.31897571361722,2,0.0,2
604,18.349355441168825,2,0.0,2
605,18.37973516872043,2,1.1850007521907235,2
606,18.410114896272034,2,0.0,2
607,18.44049462382364,2,0.5925003760953618,2
608,18.47087435137524,2,0.5925003760953618,2
609,18.501254078926845,2,0.5925003760953618,2
610,18.53163380647845,2,1.4304224436805821,2
611,18.562013534030054,2,0.0,2
612,18.59239326158166,2,1.1850007521907235,2
613,18.62277298913326,2,0.0,2
614,18.653152716684865,2,0.5925003760953618,2
615,18.68353244423647,2,1.1850007521907235,2
616,18.713912171788074,2,0.0,2
617,18.74429189933968,2,1.1850007521907235,2
618,18.774671626891283,2,0.0,2
619,18.805051354442885,2,0.0,2
620,18.83543108199449,2,0.5925003760953618,2
621,18.865810809546094,2,0.0,2
622,18.8961905370977,2,0.5925003760953618,2
623,18.926570264649303,2,0.0,2
624,18.956949992200904,2,0.0,2
625,18.98732971975251,2,0.0,2
626,19.017709447304114,2,0.0,2
627,19.04808917485572,2,0.0,2
628,19.078468902407323,2,0.0,2
629,19.108848629958924,2,0.0,2
630,19.13922835751053,2,0.0,2
631,19.169608085062134,2,0.0,2
632,19.199987812613738,2,0.5925003760953618,2
633,19.230367540165343,2,0.0,2
634,19.260747267716948,2,0.0,2
635,19.29112699526855,2,0.5925003760953618,2
636,19.321506722820153,2,0.0,2
637,19.351886450371758,2,0.0,2
638,19.382266177923363,2,0.5925003760953618,2
639,19.412645905474967,2,0.0,2
640,19.44302563302657,2,1.7775011282860853,2
641,19.473405360578173,2,0.5925003760953618,2
642,19.503785088129778,2,0.0,2
643,19.534164815681383,2,1.1850007521907235,2
644,19.564544543232987,2,0.0,2
645,19.594924270784592,2,0.5925003760953618,2
646,19.625303998336193,2,0.5925003760953618,2
647,19.655683725887798,2,0.0,2
648,19.686063453439402,2,0.0,2
649,19.716443180991007,2,0.0,2
650,19.74682290854261,2,0.5925003760953618,2
651,19.777202636094213,2,0.0,2
652,19.807582363645817,2,0.5925003760953618,2
653,19.837962091197422,2,0.0,2
654,19.868341818749027,2,0.0,2
655,19.89872154630063,2,1.1850007521907235,2
656,19.929101273852233,2,0.0,2
657,19.959481001403837,2,0.0,2
658,19.989860728955442,2,0.0,2
659,20.020240456507047,2,0.0,2
660,20.05062018405865,2,1.1850007521907235,2
661,20.080999911610256,2,0.0,2
662,20.111379639161857,2,0.0,2
663,20.141759366713462,2,0.5925003760953618,2
664,20.172139094265066,2,0.0,2
665,20.20251882181667,2,1.7775011282860853,2
666,20.232898549368276,2,0.0,2
667,20.263278276919877,3,0.5925003760953618,3
668,20.29365800447148,3,0.9536149624537215,3
669,20.324037732023086,3,0.3950002507302412,3
670,20.35441745957469,3,1.9750012536512058,3
671,20.384797187126296,3,1.1850007521907235,3
672,20.4151769146779,3,1.5800010029209648,3
673,20.4455566422295,3,0.9536149624537215,3
674,20.475936369781106,3,0.7900005014604824,3
675,20.50631609733271,3,0.7900005014604824,3
676,20.536695824884315,3,0.7900005014604824,3
677,20.56707555243592,3,0.7900005014604824,3
678,20.59745527998752,3,0.5586147117234802,3
679,20.627835007539126,3,0.3950002507302412,3
680,20.65821473509073,3,20.781668563351857,3
681,20.688594462642335,3,0.3950002507302412,3
682,20.71897419019394,3,0.7900005014604824,3
683,20.74935391774554,3,0.0,3
684,20.779733645297146,3,0.3950002507302412,3
685,20.81011337284875,3,1.5800010029209648,3
686,20.840493100400355,3,1.1850007521907235,3
687,20.87087282795196,3,1.1850007521907238,3
688,20.901252555503564,3,1.1850007521907238,3
689,20.931632283055166,3,0.7900005014604824,3
690,20.96201201060677,3,2.813628508096967,3
691,20.992391738158375,3,1.1850007521907235,3
692,21.02277146570998,4,1.1850007521907238,4
693,21.053151193261584,4,0.8887505641430428,4
694,21.083530920813185,4,0.6624355588217101,4
695,21.11391064836479,4,2.1917612864009346,4
696,21.144290375916395,4,1.1850007521907235,4
697,21.174670103468,4,1.2330755395315436,4
698,21.205049831019604,4,1.1850007521907235,4
699,21.23542955857121,4,1.1850007521907235,4
700,21.26580928612281,4,1.9002119740310148,4
701,21.296189013674415,4,1.1850007521907235,4
702,21.32656874122602,4,1.254935934917072,4
703,21.356948468777624,4,1.2330755395315436,4
704,21.38732819632923,4,0.9368253514838627,4
705,21.41770792388083,4,0.8887505641430427,4
706,21.448087651432434,4,1.4812509402384044,4
707,21.47846737898404,4,1.1850007521907235,4
708,21.508847106535644,4,0.8887505641430428,4
709,21.53922683408725,4,0.9368253514838627,4
710,21.56960656163885,4,0.8887505641430427,4
711,21.599986289190454,4,0.9368253514838627,4
712,21.63036601674206,4,1.5293257275792245,4
713,21.660745744293664,4,1.1850007521907235,4
714,21.691125471845268,4,0.5925003760953618,4
715,21.721505199396873,3,0.3950002507302412,3
716,21.751884926948474,3,0.0,3
717,21.78226465450008,5,0.0,5
718,21.812644382051683,5,0.2370001504381447,5
719,21.843024109603288,5,0.4740003008762894,5
720,21.873403837154893,5,0.2370001504381447,5
721,21.903783564706494,5,0.0,5
722,21.9341632922581,5,0.0,5
723,21.964543019809703,5,0.0,5
724,21.994922747361308,5,0.2370001504381447,5
725,22.025302474912912,5,2.6982857720539477,5
726,22.055682202464517,5,0.5721689774722328,5
727,22.08606193001612,5,0.0,5
728,22.116441657567723,5,0.4740003008762894,5
729,22.146821385119328,5,0.0,5
730,22.177201112670932,5,2.4850132630808184,5
731,22.207580840222537,5,1.0039487479336575,5
732,22.237960567774138,5,0.3351688270340881,5
733,22.268340295325743,5,0.7110004513144341,5
734,22.298720022877347,5,0.2370001504381447,5
735,22.329099750428952,5,4.59653488583052,5
736,22.359479477980557,5,1.4604607325015242,5
737,22.389859205532158,5,0.907337804506321,5
738,22.420238933083763,5,0.2370001504381447,5
739,22.450618660635367,5,0.0,5
740,22.480998388186972,5,9.345620721134264,5
741,22.511378115738577,5,2.4084613342541035,5
742,22.54175784329018,5,0.7110004513144341,5
743,22.572137570841782,5,0.5721689774722328,5
744,22.602517298393387,5,0.2370001504381447,5
745,22.63289702594499,5,2.1714611838159583,5
746,22.663276753496596,5,1.5201695792248118,5
747,22.6936564810482,5,0.8091691279103775,5
748,22.724036208599802,5,0.5721689774722328,5
749,22.754415936151407,5,0.2370001504381447,5
750,22.78479566370301,5,3.256090292037137,5
751,22.815175391254616,5,1.4220009026288682,5
752,22.84555511880622,5,0.8091691279103775,5
753,22.875934846357826,5,0.4740003008762894,5
754,22.906314573909427,5,0.5721689774722328,5
755,22.93669430146103,5,5.64410016277939,5
756,22.967074029012636,5,0.9480006017525788,5
757,22.99745375656424,5,1.0461692783485224,5
758,23.027833484115845,5,0.4740003008762894,5
759,23.058213211667447,5,0.2370001504381447,5
760,23.08859293921905,5,1.697460882939669,5
761,23.118972666770656,5,1.0461692783485224,5
762,23.14935239432226,5,0.8091691279103775,5
763,23.179732121873865,5,0.2370001504381447,5
764,23.210111849425466,5,0.0,5
765,23.24049157697707,4,5.312759880402453,4
766,23.270871304528676,4,1.254935934917072,4
767,23.30125103208028,4,1.5531332894255112,4
768,23.331630759631885,4,0.0,4
769,23.36201048718349,4,0.5925003760953618,4
770,23.39239021473509,4,4.509557434976425,4
771,23.422769942286696,4,1.7775011282860853,4
772,23.4531496698383,4,1.011461409887972,4
773,23.483529397389905,4,0.2962501880476809,4
774,23.51390912494151,4,0.0,4
775,23.54428885249311,3,4.9264968293664895,3
776,23.574668580044715,3,1.3486152131839626,3
777,23.60504830759632,4,1.3486152131839626,4
778,23.635428035147925,4,0.5925003760953618,4
779,23.66580776269953,4,0.2962501880476809,4
780,23.696187490251134,4,5.097766194023155,4
781,23.726567217802735,4,1.7775011282860853,4
782,23.75694694535434,4,0.5925003760953618,4
783,23.787326672905944,4,0.2962501880476809,4
784,23.81770640045755,4,0.0,4
785,23.848086128009154,4,6.04423410079889,4
786,23.878465855560755,4,1.5177210049773635,4
787,23.90884558311236,4,1.4304224436805821,4
788,23.939225310663964,4,0.2962501880476809,4
789,23.96960503821557,4,0.0,4
790,23.999984765767174,4,6.6135115554255695,4
791,24.030364493318775,4,2.394519919545596,4
792,24.06074422087038,4,0.958685746869391,4
793,24.091123948421984,4,0.2962501880476809,4
794,24.12150367597359,4,0.0,4
795,24.151883403525193,4,2.7624012671107683,4
796,24.182263131076798,4,1.011461409887972,4
797,24.2126428586284,4,0.7152112218402911,4
798,24.243022586180004,4,0.2962501880476809,4
799,24.27340231373161,4,0.2962501880476809,4
800,24.303782041283213,4,4.622268494119401,4
801,24.334161768834818,4,1.8139711930250444,4
802,24.36454149638642,4,0.5925003760953618,4
803,24.394921223938024,4,0.7152112218402911,4
804,24.42530095148963,4,0.0,4
805,24.455680679041233,4,2.018221944098183,4
806,24.486060406592838,4,0.8887505641430427,4
807,24.516440134144442,4,0.5925003760953618,4
808,24.546819861696044,4,0.4189610337926101,4
809,24.57719958924765,4,0.4189610337926101,4
810,24.607579316799253,3,2.463248414683245,3
811,24.637959044350858,3,1.3486152131839626,3
812,24.668338771902462,3,1.1172294234469604,3
813,24.698718499454063,3,0.9536149624537215,3
814,24.729098227005668,3,0.3950002507302412,3
815,24.759477954557273,3,18.05306586580762,3
816,24.789857682108877,3,1.5800010029209648,3
817,24.820237409660482,4,0.7900005014604824,4
818,24.850617137212083,4,0.2962501880476809,4
819,24.880996864763688,4,0.5925003760953618,4
820,24.911376592315293,4,10.568105695587194,4
821,24.941756319866897,4,4.196539462995831,4
822,24.972136047418502,5,1.7775011282860853,5
823,25.002515774970107,5,0.3351688270340881,5
824,25.032895502521708,5,0.2370001504381447,5
825,25.063275230073312,5,3.4228480219053763,5
826,25.093654957624917,5,1.3950657211488244,5
827,25.12403468517652,5,0.9480006017525788,5
828,25.154414412728126,5,0.9864604316252349,5
829,25.184794140279728,5,0.5299484470573681,5
830,25.215173867831332,5,5.854879931858433,5
831,25.245553595382937,5,2.088577856154836,5
832,25.27593332293454,5,0.7669485974955128,5
833,25.306313050486146,5,0.7494602811870902,5
834,25.33669277803775,5,0.7110004513144342,5
835,25.367072505589352,5,2.618526303212204,5
836,25.397452233140957,5,1.3391175749677457,5
837,25.42783196069256,5,0.7494602811870902,5
838,25.458211688244166,5,0.9864604316252349,5
839,25.48859141579577,5,0.5299484470573681,5
840,25.518971143347372,5,2.032629709973757,5
841,25.549350870898976,5,0.9480006017525788,5
842,25.57973059845058,5,0.7669485974955128,5
843,25.610110326002186,5,0.7494602811870902,5
844,25.64049005355379,5,0.7494602811870902,5
845,25.67086978110539,5,2.7995783074692695,5
846,25.701249508656996,5,1.477949048809947,5
847,25.7316292362086,5,1.2234605820633795,5
848,25.762008963760206,5,0.9480006017525788,5
849,25.79238869131181,5,0.7669485974955128,5
850,25.822768418863415,5,1.4604607325015242,5
851,25.853148146415016,5,0.9864604316252349,5
852,25.88352787396662,5,1.0039487479336575,5
853,25.913907601518225,5,0.7494602811870902,5
854,25.94428732906983,5,1.4604607325015242,5
855,25.974667056621435,4,1.1850007521907235,4
856,26.005046784173036,4,0.0,4
857,26.03542651172464,4,0.2962501880476809,4
858,26.065806239276245,4,0.2962501880476809,4
859,26.09618596682785,4,0.5925003760953618,4
860,26.126565694379455,4,5.155678827956634,4
861,26.15694542193106,4,2.022922819775944,4
862,26.18732514948266,4,1.011461409887972,4
863,26.217704877034265,4,0.2962501880476809,4
864,26.24808460458587,4,0.0,4
865,26.278464332137474,4,3.2771959381653595,4
866,26.30884405968908,4,1.134172255632901,4
867,26.33922378724068,5,0.5925003760953618,5
868,26.369603514792285,5,0.9480006017525788,5
869,26.39998324234389,5,0.4740003008762894,5
870,26.430362969895494,5,6.77263271873665,5
871,26.4607426974471,5,0.7110004513144341,5
872,26.4911224249987,5,0.7110004513144341,5
873,26.521502152550305,5,0.7110004513144341,5
874,26.55188188010191,5,0.0,5
875,26.582261607653514,4,1.4812509402384044,4
876,26.61264133520512,4,0.2962501880476809,4
877,26.643021062756723,4,0.8887505641430427,4
878,26.673400790308325,4,0.4189610337926101,4
879,26.70378051785993,4,0.0,4
880,26.734160245411534,4,4.2836516882842215,4
881,26.76453997296314,4,2.2329322268176544,4
882,26.794919700514743,5,0.8887505641430427,5
883,26.825299428066344,5,0.2370001504381447,5
884,26.85567915561795,5,0.2370001504381447,5
885,26.886058883169554,5,15.45124650117097,5
886,26.91643861072116,5,2.959381294875704,5
887,26.946818338272763,5,1.296897044552881,5
888,26.977198065824368,5,0.4740003008762894,5
889,27.00757779337597,5,0.3351688270340881,5
890,27.037957520927574,5,5.258735621501185,5
891,27.068337248479178,5,0.8091691279103775,5
892,27.098716976030783,5,0.4740003008762894,5
893,27.129096703582388,5,0.3351688270340881,5
894,27.15947643113399,5,0.0,5
895,27.189856158685593,5,3.3564619360066814,5
896,27.220235886237198,5,1.6590010530670127,5
897,27.250615613788803,5,1.0461692783485224,5
898,27.280995341340407,5,0.4740003008762894,5
899,27.31137506889201,5,0.2370001504381447,5
900,27.341754796443613,5,2.5182015173051973,5
901,27.372134523995218,5,1.4604607325015242,5
902,27.402514251546823,5,0.7110004513144341,5
903,27.432893979098427,5,0.2370001504381447,5
904,27.463273706650032,5,0.4740003008762894,5
905,27.493653434201633,5,4.397050840738181,5
906,27.524033161753238,5,2.545089840722703,5
907,27.554412889304842,5,0.7494602811870902,5
908,27.584792616856447,5,0.0,5
909,27.61517234440805,5,0.7110004513144341,5
910,27.645552071959653,5,1.283169428786667,5
911,27.675931799511257,5,0.8091691279103775,5
912,27.706311527062862,5,0.2370001504381447,5
913,27.736691254614467,5,0.2370001504381447,5
914,27.76707098216607,5,0.4740003008762894,5
915,27.797450709717676,4,1.3248711176434202,4
916,27.827830437269277,4,1.1850007521907235,4
917,27.858210164820882,4,0.2962501880476809,4
918,27.888589892372487,4,0.4189610337926101,4
919,27.91896961992409,4,0.0,4
920,27.949349347475696,4,2.1030858658560185,4
921,27.979729075027297,4,0.958685746869391,4
922,28.010108802578902,4,0.2962501880476809,4
923,28.040488530130506,4,0.2962501880476809,4
924,28.07086825768211,4,0.5925003760953618,4
925,28.101247985233716,3,3.1926932260607948,3
926,28.131627712785317,3,1.7436154639142039,3
927,28.16200744033692,3,0.7900005014604824,3
928,28.192387167888526,3,0.0,3
929,28.22276689544013,3,0.0,3
930,28.253146622991736,3,2.0236280066364847,3
931,28.28352635054334,3,1.6732479132227625,3
932,28.31390607809494,3,0.3950002507302412,3
933,28.344285805646546,3,0.3950002507302412,3
934,28.37466553319815,3,0.0,3
935,28.405045260749755,3,10.473550679171597,3
936,28.43542498830136,3,4.818228474155568,3
937,28.46580471585296,4,1.1850007521907238,4
938,28.496184443404566,4,0.958685746869391,4
939,28.52656417095617,4,0.0,4
940,28.556943898507775,4,4.846176472383059,4
941,28.58732362605938,4,1.4871062771643726,4
942,28.617703353610985,5,1.011461409887972,5
943,28.648083081162586,5,0.3351688270340881,5
944,28.67846280871419,5,0.0,5
945,28.708842536265795,5,2.329338707135189,5
946,28.7392222638174,5,0.7669485974955128,5
947,28.769601991369004,5,0.8091691279103775,5
948,28.799981718920606,5,0.2370001504381447,5
949,28.83036144647221,5,0.6703376540681762,5
950,28.860741174023815,5,1.7149491992480919,5
951,28.89112090157542,5,0.7669485974955128,5
952,28.921500629127024,5,1.1443379549444657,5
953,28.951880356678625,5,0.5721689774722328,5
954,28.98226008423023,5,1.0039487479336575,5
955,29.012639811781835,5,4.041659734704185,5
956,29.04301953933344,5,1.1443379549444657,5
957,29.073399266885044,5,1.0039487479336575,5
958,29.10377899443665,5,0.5299484470573681,5
959,29.13415872198825,5,0.5299484470573681,5
960,29.164538449539855,5,2.888463205983725,5
961,29.19491817709146,5,1.8146756090126417,5
962,29.225297904643064,5,0.7669485974955128,5
963,29.25567763219467,5,0.7669485974955128,5
964,29.28605735974627,5,0.7669485974955128,5
965,29.316437087297874,5,3.846555427688178,5
966,29.34681681484948,5,2.1158061963148462,5
967,29.377196542401084,5,1.477949048809947,5
968,29.40757626995269,5,1.0039487479336575,5
969,29.437955997504293,5,0.5721689774722328,5
970,29.468335725055894,5,5.466288809012148,5
971,29.4987154526075,5,2.6629498010006705,5
972,29.529095180159104,5,1.437286251563689,5
973,29.559474907710708,5,1.1443379549444657,5
974,29.589854635262313,5,0.5721689774722328,5
975,29.620234362813914,4,7.075328630642894,4
976,29.65061409036552,4,3.168195333595106,4
977,29.680993817917123,4,1.5293257275792245,4
978,29.711373545468728,4,0.5925003760953618,4
979,29.741753273020333,4,0.2962501880476809,4
980,29.772133000571934,4,4.328051773144459,4
981,29.80251272812354,4,1.011461409887972,4
982,29.832892455675143,4,0.5925003760953618,4
983,29.863272183226748,4,0.0,4
984,29.893651910778352,4,0.0,4
985,29.924031638329957,4,4.210041803077291,4
986,29.95441136588156,4,2.2023174990046632,4
987,29.984791093433163,4,1.4304224436805821,4
988,30.015170820984768,4,0.0,4
989,30.045550548536372,4,0.2962501880476809,4
990,30.075930276087977,4,2.2329322268176544,4
991,30.106310003639578,4,1.3077115979356528,4
992,30.136689731191183,4,0.2962501880476809,4
993,30.167069458742787,4,0.4189610337926101,4
994,30.197449186294392,4,0.2962501880476809,4
995,30.227828913845997,4,2.540787137467196,4
996,30.2582086413976,4,0.7152112218402911,4
997,30.288588368949203,4,0.8887505641430427,4
998,30.318968096500807,4,0.2962501880476809,4
999,30.349347824052412,4,0.2962501880476809,4
1000,30.379727551604017,4,2.546341934573103,4
1001,30.41010727915562,4,0.8887505641430427,4
1002,30.440487006707222,4,1.011461409887972,4
1003,30.470866734258827,4,0.0,4
1004,30.50124646181043,4,0.0,4
1005,30.531626189362036,4,1.3077115979356528,4
1006,30.56200591691364,4,0.7152112218402911,4
1007,30.592385644465242,4,0.7152112218402911,4
1008,30.622765372016847,4,0.2962501880476809,4
1009,30.65314509956845,4,0.0,4
1010,30.683524827120056,4,17.1446402323574,4
1011,30.71390455467166,4,1.9002119740310146,4
1012,30.744284282223266,4,0.5925003760953618,4
1013,30.774664009774867,4,0.2962501880476809,4
1014,30.80504373732647,4,0.2962501880476809,4
1015,30.835423464878076,4,2.8588977209004054,4
1016,30.86580319242968,4,1.011461409887972,4
1017,30.896182919981285,5,0.5925003760953618,5
1018,30.926562647532887,5,0.0,5
1019,30.95694237508449,5,0.0,5
1020,30.987322102636096,5,2.4427927326659535,5
1021,31.0177018301877,5,0.9480006017525788,5
1022,31.048081557739305,5,0.4740003008762894,5
1023,31.07846128529091,5,0.2370001504381447,5
1024,31.10884101284251,5,0.4740003008762894,5
1025,31.139220740394116,5,0.8091691279103775,5
1026,31.16960046794572,5,0.7110004513144341,5
1027,31.199980195497325,5,0.4740003008762894,5
1028,31.23035992304893,5,0.2370001504381447,5
1029,31.26073965060053,5,0.0,5
1030,31.291119378152136,5,1.2141768039818908,5
1031,31.32149910570374,5,0.9480006017525788,5
1032,31.351878833255345,5,0.2370001504381447,5
1033,31.38225856080695,5,0.0,5
1034,31.41263828835855,5,0.0,5
1035,31.443018015910155,5,0.9480006017525788,5
1036,31.47339774346176,5,0.0,5
1037,31.503777471013365,5,0.4740003008762894,5
1038,31.53415719856497,5,0.2370001504381447,5
1039,31.564536926116574,5,0.0,5
1040,31.594916653668175,5,0.9073378045063208,5
1041,31.62529638121978,5,0.2370001504381447,5
1042,31.655676108771384,5,0.0,5
1043,31.68605583632299,5,0.2370001504381447,5
1044,31.716435563874594,5,0.3351688270340881,5
1045,31.746815291426195,5,4.3219508540676825,5
1046,31.7771950189778,5,0.7110004513144341,5
1047,31.807574746529404,5,0.7110004513144341,5
1048,31.83795447408101,5,0.0,5
1049,31.868334201632614,5,0.0,5
1050,31.89871392918422,4,4.6046770387971945,4
1051,31.92909365673582,4,1.7775011282860855,4
1052,31.959473384287424,4,0.5925003760953618,4
1053,31.98985311183903,4,0.8887505641430427,4
1054,32.02023283939063,4,0.0,4
1055,32.050612566942235,4,8.473004144556025,4
1056,32.08099229449384,4,1.9482867613718347,4
1057,32.111372022045444,4,1.134172255632901,4
1058,32.14175174959705,4,0.2962501880476809,4
1059,32.17213147714865,4,0.0,4
1060,32.20251120470026,4,4.70990336252534,4
1061,32.23289093225186,4,1.9482867613718347,4
1062,32.26327065980347,4,1.011461409887972,4
1063,32.29365038735507,4,0.7152112218402911,4
1064,32.32403011490667,4,0.7152112218402911,4
1065,32.354409842458274,4,8.954543744922644,4
1066,32.38478957000988,4,1.9002119740310146,4
1067,32.415169297561484,5,1.3077115979356528,5
1068,32.44554902511309,5,0.4740003008762894,5
1069,32.47592875266469,5,0.0,5
1070,32.5063084802163,5,8.55289912348891,5
1071,32.5366882077679,5,3.3379717246096208,5
1072,32.56706793531951,5,1.4795067819785537,5
1073,32.59744766287111,5,0.4740003008762894,5
1074,32.627827390422716,5,0.2370001504381447,5
1075,32.658207117974314,5,5.968771821367349,5
1076,32.68858684552592,5,2.899949951438815,5
1077,32.71896657307752,5,1.0461692783485224,5
1078,32.74934630062913,5,1.0461692783485224,5
1079,32.77972602818073,5,0.5299484470573681,5
1080,32.81010575573234,5,7.041172301604452,5
1081,32.84048548328394,5,3.177566035811533,5
1082,32.87086521083555,5,1.1443379549444657,5
1083,32.90124493838715,5,1.1850007521907235,5
1084,32.931624665938756,5,0.907337804506321,5
1085,32.96200439349036,5,12.176976079661449,5
1086,32.99238412104196,5,2.818624356946299,5
1087,33.02276384859356,5,1.3406753081363525,5
1088,33.05314357614517,5,0.4740003008762894,5
1089,33.08352330369677,5,0.2370001504381447,5
1090,33.11390303124838,5,7.159724724903354,5
1091,33.14428275879998,5,3.666253314729333,5
1092,33.174662486351586,5,1.4604607325015242,5
1093,33.20504221390319,5,0.9480006017525788,5
1094,33.235421941454796,5,1.2409488983718022,5
1095,33.2658016690064,5,4.172518300831436,5
1096,33.296181396558,5,1.6590010530670127,5
1097,33.3265611241096,5,1.3813381053826104,5
1098,33.35694085166121,5,1.283169428786667,5
1099,33.38732057921281,5,0.7110004513144341,5
1100,33.41770030676442,4,8.131749630387716,4
1101,33.44808003431602,4,1.7775011282860853,4
1102,33.478459761867626,4,0.7152112218402911,4
1103,33.50883948941923,4,0.7152112218402911,4
1104,33.539219216970835,4,0.4189610337926101,4
1105,33.56959894452244,4,3.549494838138166,4
1106,33.599978672074045,4,1.5511861229647528,4
1107,33.63035839962564,4,1.011461409887972,4
1108,33.66073812717725,4,1.011461409887972,4
1109,33.69111785472885,4,0.4189610337926101,4
1110,33.721497582280456,4,17.511165232164384,4
1111,33.75187730983206,4,1.7775011282860853,4
1112,33.782257037383665,4,0.5925003760953618,4
1113,33.81263676493527,4,0.0,4
1114,33.843016492486875,4,0.5925003760953618,4
1115,33.87339622003848,4,7.464024583607846,4
1116,33.903775947590084,4,3.738701582220208,4
1117,33.93415567514169,4,1.7775011282860853,4
1118,33.964535402693286,4,0.2962501880476809,4
1119,33.99491513024489,4,0.0,4
1120,34.025294857796496,4,7.097003017926623,4
1121,34.0556745853481,4,2.4661510790630876,4
1122,34.086054312899705,4,0.958685746869391,4
1123,34.11643404045131,4,0.2962501880476809,4
1124,34.146813768002914,4,0.2962501880476809,4
1125,34.17719349555452,4,2.022922819775944,4
1126,34.207573223106124,4,0.8887505641430427,4
1127,34.23795295065773,4,0.5925003760953618,4
1128,34.26833267820933,4,0.2962501880476809,4
1129,34.29871240576093,4,0.2962501880476809,4
1130,34.329092133312535,4,2.418076291722267,4
1131,34.35947186086414,4,1.3077115979356528,4
1132,34.389851588415745,4,1.3077115979356528,4
1133,34.42023131596735,4,0.5925003760953618,4
1134,34.450611043518954,4,0.2962501880476809,4
1135,34.48099077107056,4,3.0766070270197536,4
1136,34.51137049862216,4,1.254935934917072,4
1137,34.54175022617377,4,1.011461409887972,4
1138,34.57212995372537,4,0.0,4
1139,34.60250968127698,4,0.2962501880476809,4
1140,34.632889408828575,4,2.2329322268176544,4
1141,34.66326913638018,4,1.011461409887972,4
1142,34.693648863931784,4,0.5925003760953618,4
1143,34.72402859148339,4,0.2962501880476809,4
1144,34.754408319034994,4,0.5925003760953618,4
1145,34.7847880465866,4,7.499356342184669,4
1146,34.8151677741382,4,2.813480953338206,4
1147,34.84554750168981,4,1.1850007521907235,4
1148,34.87592722924141,4,1.134172255632901,4
1149,34.90630695679302,4,0.2962501880476809,4
1150,34.936686684344615,4,2.8486745908360156,4
1151,34.96706641189622,4,1.8255759156269054,4
1152,34.997446139447824,4,1.011461409887972,4
1153,35.02782586699943,4,0.2962501880476809,4
1154,35.05820559455103,4,0.2962501880476809,4
1155,35.08858532210264,3,3.3121422012325232,3
1156,35.11896504965424,3,1.1850007521907235,3
1157,35.14934477720585,3,1.1850007521907235,3
1158,35.17972450475745,3,0.0,3
1159,35.21010423230906,3,0.0,3
1160,35.24048395986066,3,5.152920872655482,3
1161,35.27086368741226,3,2.765001755111688,3
1162,35.301243414963864,4,0.7900005014604824,4
1163,35.33162314251547,4,0.2962501880476809,4
1164,35.36200287006707,4,0.0,4
1165,35.39238259761868,4,1.8474363110124337,4
1166,35.42276232517028,4,0.958685746869391,4
1167,35.45314205272189,4,0.5925003760953618,4
1168,35.48352178027349,4,0.0,4
1169,35.513901507825096,4,0.0,4
1170,35.5442812353767,4,3.399906783910289,4
1171,35.574660962928306,4,1.5293257275792245,4
1172,35.6050406904799,4,0.8887505641430427,4
1173,35.63542041803151,4,0.0,4
1174,35.66580014558311,4,0.0,4
1175,35.69617987313472,4,1.956895807514805,4
1176,35.72655960068632,4,1.1850007521907235,4
1177,35.75693932823793,4,0.8887505641430427,4
1178,35.78731905578953,4,0.0,4
1179,35.817698783341136,4,0.2962501880476809,4
1180,35.84807851089274,4,1.2568831013778303,4
1181,35.878458238444345,4,1.011461409887972,4
1182,35.90883796599595,4,0.2962501880476809,4
1183,35.93921769354755,4,0.0,4
1184,35.96959742109915,4,0.5925003760953618,4
1185,35.99997714865076,4,5.369391124139996,4
1186,36.03035687620236,4,1.1850007521907235,4
1187,36.060736603753966,4,0.5925003760953618,4
1188,36.09111633130557,4,0.2962501880476809,4
1189,36.121496058857176,4,0.0,4
1190,36.15187578640878,4,3.4427923977937835,4
1191,36.182255513960385,4,0.8887505641430427,4
1192,36.21263524151199,4,0.5925003760953618,4
1193,36.243014969063594,4,0.2962501880476809,4
1194,36.27339469661519,4,0.2962501880476809,4
1195,36.3037744241668,4,2.4880114744486157,4
1196,36.3341541517184,4,0.8887505641430427,4
1197,36.364533879270006,4,0.5925003760953618,4
1198,36.39491360682161,4,0.4189610337926101,4
1199,36.425293334373215,4,0.0,4
1200,36.45567306192482,4,3.402516766898703,4
1201,36.486052789476425,4,0.8887505641430427,4
1202,36.51643251702803,5,1.1341722556329012,5
1203,36.546812244579634,5,0.2370001504381447,5
1204,36.57719197213123,5,0.2370001504381447,5
1205,36.607571699682836,5,9.060044842592308,5
1206,36.63795142723444,5,2.4850132630808184,5
1207,36.668331154786046,5,0.7110004513144342,5
1208,36.69871088233765,5,0.2370001504381447,5
1209,36.729090609889255,5,0.2370001504381447,5
1210,36.75947033744086,5,6.181719754254133,5
1211,36.789850064992464,5,2.5810939532860298,5
1212,36.82022979254407,5,1.1850007521907235,5
1213,36.850609520095674,5,0.4740003008762894,5
1214,36.88098924764728,5,0.4740003008762894,5
1215,36.911368975198876,5,0.7110004513144341,5
1216,36.94174870275048,5,0.7110004513144341,5
1217,36.972128430302085,6,0.8091691279103775,6
1218,37.00250815785369,6,0.2793073558617401,6
1219,37.032887885405295,6,0.0,6
1220,37.0632676129569,6,0.9184311871080008,6
1221,37.093647340508504,6,0.3950002507302412,6
1222,37.12402706806011,6,0.5925003760953618,6
1223,37.15440679561171,6,0.1975001253651206,6
1224,37.18478652316332,6,0.0,6
1225,37.21516625071492,6,1.989037155404062,6
1226,37.24554597826652,6,0.7561148370886007,6
1227,37.275925705818125,6,0.5925003760953618,6
1228,37.30630543336973,6,0.3950002507302412,6
1229,37.336685160921334,6,0.3950002507302412,6
1230,37.36706488847294,6,18.636960205967508,6
1231,37.39744461602454,6,0.7209310617428802,6
1232,37.42782434357615,6,0.5925003760953618,6
1233,37.45820407112775,6,0.0,6
1234,37.48858379867936,6,0.0,6
1235,37.51896352623096,5,1.4372862515636888,5
1236,37.54934325378257,5,0.7669485974955128,5
1237,37.579722981334164,5,1.0915163451355547,5
1238,37.61010270888577,5,0.5299484470573681,5
1239,37.640482436437374,5,0.6703376540681762,5
1240,37.67086216398898,5,1.3813381053826101,5
1241,37.70124189154058,5,0.7669485974955128,5
1242,37.73162161909219,5,0.9073378045063208,5
1243,37.76200134664379,5,0.5299484470573681,5
1244,37.7923810741954,5,0.8545161946974099,5
1245,37.822760801747,5,1.1443379549444657,5
1246,37.85314052929861,5,0.9073378045063208,5
1247,37.88352025685021,5,1.0039487479336575,5
1248,37.91389998440181,5,0.9073378045063208,5
1249,37.94427971195341,5,0.9073378045063208,5
1250,37.97465943950502,4,2.2136216817864627,4
1251,38.00503916705662,4,1.6606456194671242,4
1252,38.03541889460823,4,0.958685746869391,4
1253,38.06579862215983,4,0.8379220675852203,4
1254,38.09617834971144,5,1.134172255632901,5
1255,38.12655807726304,5,1.3950657211488244,5
1256,38.156937804814646,5,1.1443379549444657,5
1257,38.18731753236625,5,1.2409488983718022,5
1258,38.21769725991785,5,1.6214647921929228,5
1259,38.24807698746945,5,1.4604607325015242,5
1260,38.27845671502106,5,2.664507534169277,5
1261,38.30883644257266,5,1.7149491992480919,5
1262,38.33921617012427,5,1.479506781978554,5
1263,38.36959589767587,5,1.618338255820755,5
1264,38.399975625227476,5,1.296897044552881,5
1265,38.43035535277908,4,1.5511861229647528,4
1266,38.460735080330686,4,0.958685746869391,4
1267,38.49111480788229,4,0.5925003760953618,4
1268,38.521494535433895,4,0.6624355588217101,4
1269,38.55187426298549,4,0.5925003760953618,4
1270,38.5822539905371,4,1.4304224436805821,4
1271,38.6126337180887,4,1.011461409887972,4
1272,38.64301344564031,4,1.1850007521907235,4
1273,38.67339317319191,4,0.958685746869391,4
1274,38.703772900743516,4,0.958685746869391,4
1275,38.73415262829512,4,2.2136216817864627,4
1276,38.764532355846725,4,0.8887505641430427,4
1277,38.79491208339833,4,1.3776467806620012,4
1278,38.825291810949935,4,0.8887505641430427,4
1279,38.85567153850154,4,0.958685746869391,4
1280,38.88605126605314,3,2.395477085939482,3
1281,38.91643099360474,3,0.5586147117234802,3
1282,38.946810721156346,3,0.3950002507302412,3
1283,38.97719044870795,3,0.3950002507302412,3
1284,39.007570176259556,3,0.3950002507302412,3
1285,39.03794990381116,4,0.9536149624537215,4
1286,39.068329631362765,4,0.8887505641430428,4
1287,39.09870935891437,4,0.5925003760953618,4
1288,39.129089086465974,4,0.0,4
1289,39.15946881401758,4,0.0,4
1290,39.189848541569184,4,2.4062677102577403,4
1291,39.22022826912078,4,1.254935934917072,4
1292,39.250607996672386,4,0.5925003760953618,4
1293,39.28098772422399,4,0.7152112218402911,4
1294,39.311367451775595,4,0.2962501880476809,4
1295,39.3417471793272,4,3.1581528556996563,4
1296,39.372126906878805,4,1.3077115979356528,4
1297,39.40250663443041,4,0.0,4
1298,39.432886361982014,4,0.5925003760953618,4
1299,39.46326608953362,4,0.0,4
1300,39.49364581708522,4,2.266397344805044,4
1301,39.52402554463683,4,1.1850007521907235,4
1302,39.554405272188426,4,0.5925003760953618,4
1303,39.58478499974003,4,0.8887505641430427,4
1304,39.615164727291635,4,0.2962501880476809,4
1305,39.64554445484324,4,2.4062677102577403,4
1306,39.675924182394844,4,0.8887505641430427,4
1307,39.70630390994645,4,0.5925003760953618,4
1308,39.736683637498054,4,0.8887505641430427,4
1309,39.76706336504966,4,0.2962501880476809,4
1310,39.79744309260126,4,1.6211213056911011,4
1311,39.82782282015287,4,1.1341722556329012,4
1312,39.858202547704465,4,0.5925003760953618,4
1313,39.88858227525607,4,0.2962501880476809,4
1314,39.918962002807675,4,0.2962501880476809,4
1315,39.94934173035928,4,1.8474363110124339,4
1316,39.979721457910884,4,1.3077115979356528,4
1317,40.01010118546249,5,1.011461409887972,5
1318,40.04048091301409,5,0.4740003008762894,5
1319,40.0708606405657,5,0.2370001504381447,5
1320,40.1012403681173,5,0.8091691279103775,5
1321,40.13162009566891,5,0.4740003008762894,5
1322,40.16199982322051,5,0.3351688270340881,5
1323,40.19237955077211,5,0.4740003008762894,5
1324,40.222759278323714,5,0.4740003008762894,5
1325,40.25313900587532,5,1.102117424529601,5
1326,40.283518733426924,5,0.5721689774722328,5
1327,40.31389846097853,5,1.1443379549444657,5
1328,40.34427818853013,5,0.5721689774722328,5
1329,40.37465791608174,5,0.2370001504381447,5
1330,40.40503764363334,5,2.481897796743605,5
1331,40.43541737118495,5,1.0039487479336575,5
1332,40.46579709873655,5,1.0461692783485224,5
1333,40.496176826288156,5,0.8091691279103775,5
1334,40.526556553839754,5,0.3351688270340881,5
1335,40.55693628139136,4,2.8502920216984218,4
1336,40.58731600894296,4,1.1850007521907235,4
1337,40.61769573649457,5,0.2962501880476809,5
1338,40.64807546404617,5,0.4740003008762894,5
1339,40.67845519159778,5,0.2370001504381447,5
1340,40.70883491914938,5,2.916321956462334,5
1341,40.73921464670099,5,1.2409488983718022,5
1342,40.76959437425259,5,0.4740003008762894,5
1343,40.799974101804196,5,0.7110004513144341,5
1344,40.8303538293558,5,0.2370001504381447,5
1345,40.8607335569074,5,3.2888639572803795,5
1346,40.891113284459,5,1.283169428786667,5
1347,40.92149301201061,6,1.0461692783485224,6
1348,40.95187273956221,6,0.0,6
1349,40.98225246711382,6,0.1975001253651206,6
1350,41.01263219466542,5,2.8148636564040905,5
1351,41.043011922217026,5,1.6742864020018338,5
1352,41.07339164976863,5,0.9480006017525788,5
1353,41.103771377320236,5,0.4740003008762894,5
1354,41.13415110487184,5,0.2370001504381447,5
1355,41.164530832423445,5,1.0915163451355547,5
1356,41.19491055997504,5,1.0461692783485224,5
1357,41.22529028752665,5,0.4740003008762894,5
1358,41.25567001507825,5,1.0461692783485224,5
1359,41.28604974262986,5,0.2370001504381447,5
1360,41.31642947018146,5,6.695033939609251,5
1361,41.346809197733066,5,1.1850007521907235,5
1362,41.37718892528467,5,0.7110004513144341,5
1363,41.407568652836275,5,0.4740003008762894,5
1364,41.43794838038788,5,0.2370001504381447,5
1365,41.468328107939485,5,2.7305856826644943,5
1366,41.49870783549108,5,1.283169428786667,5
1367,41.52908756304269,5,1.1850007521907235,5
1368,41.55946729059429,5,0.9480006017525788,5
1369,41.589847018145896,5,0.4740003008762894,5
1370,41.6202267456975,5,34.727224966660344,5
1371,41.650606473249105,5,2.097022826237819,5
1372,41.68098620080071,6,1.283169428786667,6
1373,41.711365928352315,6,0.3950002507302412,6
1374,41.74174565590392,6,0.0,6
1375,41.772125383455524,6,1.9059318139336037,6
1376,41.80250511100713,6,1.151115087818842,6
1377,41.832884838558726,6,0.6743076065919813,6
1378,41.86326456611033,6,0.1975001253651206,6
1379,41.893644293661936,6,0.3950002507302412,6
1380,41.92402402121354,5,2.757357777054405,5
1381,41.954403748765145,5,0.5721689774722328,5
1382,41.98478347631675,6,0.4740003008762894,6
1383,42.015163203868354,6,0.0,6
1384,42.04554293141996,6,0.1975001253651206,6
1385,42.075922658971564,6,2.792081890075726,6
1386,42.10630238652317,6,1.0195504850528163,6
1387,42.13668211407477,6,0.3950002507302412,6
1388,42.16706184162637,6,0.3950002507302412,6
1389,42.197441569177975,6,0.3950002507302412,6
1390,42.22782129672958,6,2.4569620950903595,6
1391,42.258201024281185,6,1.5995573692691327,6
1392,42.28858075183279,6,0.1975001253651206,6
1393,42.318960479384394,6,0.0,6
1394,42.349340206936,6,0.0,6
1395,42.3797199344876,6,29.97209210029898,6
1396,42.41009966203921,6,6.506757932745869,6
1397,42.44047938959081,6,2.211614111712663,6
1398,42.47085911714242,6,1.0807475371274007,6
1399,42.501238844694015,6,0.1975001253651206,6
1400,42.53161857224562,6,18.478943148351764,6
1401,42.561998299797224,6,7.350902736470498,6
1402,42.59237802734883,6,3.0737758476783603,6
1403,42.622757754900434,6,1.6995974557401112,6
1404,42.65313748245204,6,0.9038575901843152,6
1405,42.68351721000364,6,3.6948726220248673,6
1406,42.71389693755525,6,1.8095509865132986,6
1407,42.74427666510685,7,1.1070970796447495,7
1408,42.77465639265846,7,0.9263550318234863,7
1409,42.80503612021006,7,0.8739004157595568,7
1410,42.83541584776166,7,3.4882276801041927,7
1411,42.865795575313264,7,2.1814762672970267,7
1412,42.89617530286487,7,1.1133067207839056,7
1413,42.92655503041647,7,1.0190608372640306,7
1414,42.95693475796808,7,0.8739004157595568,7
1415,42.98731448551968,7,1.6260836409473416,7
1416,43.01769421307129,7,1.165761336847835,7
1417,43.04807394062289,7,0.8739004157595568,7
1418,43.0784536681745,7,0.9489403539812138,7
1419,43.1088333957261,7,0.7570692100819544,7
1420,43.1392131232777,7,1.5510437027256845,7
1421,43.169592850829304,7,1.3576324807470945,7
1422,43.19997257838091,7,1.0365549674428824,7
1423,43.23035230593251,7,1.1182261757227459,7
1424,43.26073203348412,7,0.535328772276493,7
1425,43.29111176103572,7,17.418883669415138,7
1426,43.32149148858733,7,1.0157149304491917,7
1427,43.35187121613893,7,0.33857164348306384,7
1428,43.382250943690536,7,0.5078574652245958,7
1429,43.41263067124214,7,0.16928582174153192,7
1430,43.443010398793746,7,0.9165495919904764,7
1431,43.47339012634534,7,0.6480984317902293,7
1432,43.50376985389695,7,0.6771432869661277,7
1433,43.53414958144855,7,0.5779779485074126,7
1434,43.56452930900016,7,0.16928582174153192,7
1435,43.59490903655176,7,1.224963713748637,7
1436,43.62528876410337,7,0.5779779485074126,7
1437,43.65566849165497,7,0.6480984317902293,7
1438,43.686048219206576,7,0.16928582174153192,7
1439,43.71642794675818,7,0.33857164348306384,7
1440,43.746807674309785,7,3.667154308707815,7
1441,43.77718740186139,7,1.7769892236490783,7
1442,43.80756712941299,8,0.886392070265573,8
1443,43.83794685696459,8,0.5925003760953618,8
1444,43.8683265845162,8,0.4443752820715213,8
1445,43.8987063120678,8,2.272626666820047,8
1446,43.929086039619406,8,1.4127163014565083,8
1447,43.95946576717101,9,0.14812509402384044,9
1448,43.989845494722616,9,0.3950002507302412,9
1449,44.02022522227422,9,0.0,9
1450,44.050604949825825,9,4.873792864095286,9
1451,44.08098467737743,9,1.6345391565853773,9
1452,44.111364404929034,9,1.316667502434137,9
1453,44.14174413248063,9,0.26333350048682747,9
1454,44.17212386003224,9,0.3950002507302412,9
1455,44.20250358758384,9,4.671360220216062,9
1456,44.232883315135446,9,1.8488111264251172,9
1457,44.26326304268705,9,0.6583337512170685,9
1458,44.293642770238655,9,0.4495384043946542,9
1459,44.32402249779026,9,0.5266670009736549,9
1460,44.354402225341865,7,6.207193674602688,7
1461,44.38478195289347,7,2.2007156826399146,7
1462,44.415161680445074,7,1.1850007521907233,7
1463,44.44554140799668,7,0.5478204267825092,7
1464,44.475921135548276,7,0.16928582174153192,7
1465,44.50630086309988,7,1.5936928789566045,7
1466,44.536680590651486,7,0.8739004157595568,7
1467,44.56706031820309,8,1.0858354137320083,8
1468,44.597440045754695,8,0.0,8
1469,44.6278197733063,8,0.2962501880476809,8
1470,44.658199500857904,7,15.225308142418127,7
1471,44.68857922840951,7,1.6347685070635225,7
1472,44.718958955961114,7,0.6480984317902292,7
1473,44.74933868351272,7,0.23940630502434865,7
1474,44.779718411064316,7,0.0,7
1475,44.81009813861592,7,12.741232270384007,7
1476,44.840477866167525,7,4.589699776608178,7
1477,44.87085759371913,7,1.6336558405145176,7
1478,44.901237321270735,7,1.0157149304491917,7
1479,44.93161704882234,7,0.0,7
1480,44.961996776373944,6,3.307679487195917,6
1481,44.99237650392555,6,1.522371243008541,6
1482,45.02275623147715,6,1.4757477878576417,6
1483,45.05313595902876,6,1.188904310141369,6
1484,45.08351568658036,6,1.2610708498860204,6
1485,45.11389541413196,6,2.5577934359588816,6
1486,45.144275141683565,6,1.468211666003109,6
1487,45.17465486923517,6,1.7550551437193818,6
1488,45.205034596786774,6,1.5575550183542617,6
1489,45.23541432433838,6,1.4757477878576417,6
1490,45.26579405188998,5,2.8170666237776922,5
1491,45.29617377944159,5,2.2601829952402803,5
1492,45.32655350699319,5,1.8690660220251136,5
1493,45.3569332345448,5,1.77089734542917,5
1494,45.3873129620964,5,1.6320658715869691,5
1495,45.41769268964801,5,23.312604291383437,5
1496,45.448072417199604,5,3.6837416310377558,5
1497,45.47845214475121,5,1.5338971949910256,5
1498,45.508831872302814,5,1.6320658715869691,5
1499,45.53921159985442,5,0.8545161946974099,5
1500,45.56959132740602,5,21.84024350948939,5
1501,45.59997105495763,5,9.2885073679184,5
1502,45.63035078250923,5,3.4819304679024583,5
1503,45.66073051006084,5,2.065403375217,5
1504,45.69111023761244,5,1.0598968941147362,5
1505,45.72148996516405,5,24.44859927586424,5
1506,45.75186969271565,5,9.659274638301657,5
1507,45.78224942026725,5,4.290243502226697,5
1508,45.81262914781885,5,2.151413239250291,5
1509,45.84300887537046,5,1.6320658715869691,5
1510,45.87338860292206,4,2.1964621620786957,4
1511,45.90376833047367,4,0.8887505641430427,4
1512,45.93414805802527,4,0.2962501880476809,4
1513,45.96452778557688,4,0.2962501880476809,4
1514,45.99490751312848,4,0.0,4
1515,46.025287240680086,4,1.4812509402384044,4
1516,46.05566696823169,4,0.5925003760953618,4
1517,46.086046695783295,4,0.0,4
1518,46.11642642333489,4,0.4189610337926101,4
1519,46.1468061508865,4,0.2962501880476809,4
1520,46.1771858784381,4,0.8887505641430427,4
1521,46.20756560598971,4,0.5925003760953618,4
1522,46.23794533354131,5,0.2962501880476809,5
1523,46.268325061092916,5,0.0,5
1524,46.29870478864452,5,0.2370001504381447,5
1525,46.329084516196126,5,4.912138486432327,5
1526,46.35946424374773,5,1.9811254014774036,5
1527,46.389843971299335,5,1.283169428786667,5
1528,46.42022369885093,5,0.7110004513144341,5
1529,46.45060342640254,5,0.2370001504381447,5
1530,46.48098315395414,5,7.942189911342176,5
1531,46.51136288150575,5,3.645494155851101,5
1532,46.54174260905735,5,1.813117875844035,5
1533,46.572122336608956,5,1.0039487479336575,5
1534,46.60250206416056,5,1.283169428786667,5
1535,46.632881791712165,5,4.465895921654147,5
1536,46.66326151926377,5,2.4062583668805013,5
1537,46.693641246815375,5,1.283169428786667,5
1538,46.72402097436698,5,0.907337804506321,5
1539,46.75440070191858,5,0.9864604316252349,5
1540,46.78478042947018,5,1.6590010530670127,5
1541,46.815160157021786,5,1.7149491992480919,5
1542,46.84553988457339,5,1.0039487479336575,5
1543,46.875919612124996,5,1.0039487479336575,5
1544,46.9062993396766,5,0.8091691279103775,5
1545,46.936679067228205,5,1.8553384062588996,5
1546,46.96705879477981,5,1.3391175749677457,5
1547,46.997438522331414,5,1.5201695792248118,5
1548,47.02781824988302,5,1.3391175749677457,5
1549,47.058197977434624,5,1.102117424529601,5
1550,47.08857770498622,5,1.283169428786667,5
1551,47.118957432537826,5,1.0461692783485224,5
1552,47.14933716008943,5,1.437286251563689,5
1553,47.179716887641035,5,0.7110004513144341,5
1554,47.21009661519264,5,1.437286251563689,5
1555,47.240476342744245,4,1.3077115979356528,4
1556,47.27085607029585,4,1.3776467806620012,4
1557,47.301235797847454,4,1.1850007521907235,4
1558,47.33161552539906,4,1.3776467806620012,4
1559,47.36199525295066,4,1.011461409887972,4
1560,47.39237498050227,3,40.50845891548153,3
1561,47.422754708053866,3,1.2782476624925214,3
1562,47.45313443560547,3,0.3950002507302412,3
1563,47.483514163157075,3,0.0,3
1564,47.51389389070868,3,0.3950002507302412,3
1565,47.544273618260284,3,5.901988935271219,3
1566,47.57465334581189,3,1.5800010029209648,3
1567,47.605033073363494,4,0.9536149624537215,4
1568,47.6354128009151,4,0.4189610337926101,4
1569,47.6657925284667,4,0.2962501880476809,4
1570,47.69617225601831,4,4.443752820715213,4
1571,47.72655198356991,4,1.9002119740310146,4
1572,47.75693171112151,4,0.8887505641430427,4
1573,47.787311438673115,4,0.0,4
1574,47.81769116622472,4,0.2962501880476809,4
1575,47.848070893776324,4,7.232126966628651,4
1576,47.87845062132793,4,3.035442009954727,4
1577,47.90883034887953,5,1.254935934917072,5
1578,47.93921007643114,5,0.2370001504381447,5
1579,47.96958980398274,5,0.0,5
1580,47.99996953153435,5,4.371042237365204,5
1581,48.03034925908595,5,1.1850007521907235,5
1582,48.06072898663755,5,0.9073378045063208,5
1583,48.091108714189154,5,0.3351688270340881,5
1584,48.12148844174076,5,0.2370001504381447,5
1585,48.151868169292364,5,22.370798644070014,5
1586,48.18224789684397,5,1.9128442856085854,5
1587,48.21262762439557,5,1.0461692783485224,5
1588,48.24300735194718,5,0.3351688270340881,5
1589,48.27338707949878,5,0.2370001504381447,5
1590,48.30376680705039,5,9.34034918973735,5
1591,48.33414653460199,5,3.5603585932205077,5
1592,48.364526262153596,5,1.6183382558207549,5
1593,48.394905989705194,5,0.9480006017525788,5
1594,48.4252857172568,5,0.2370001504381447,5
1595,48.4556654448084,5,54.8758254451537,5
1596,48.48604517236001,5,4.7689862799757625,5
1597,48.51642489991161,5,1.3391175749677457,5
1598,48.54680462746322,5,0.9480006017525788,5
1599,48.57718435501482,5,0.4740003008762894,5
1600,48.60756408256643,5,10.421232097980914,5
1601,48.63794381011803,5,5.238498867869805,5
1602,48.668323537669636,5,3.61171859551922,5
1603,48.69870326522124,5,2.855822334966583,5
1604,48.72908299277284,5,2.8571280913283417,5
1605,48.75946272032444,5,13.286710725953204,5
1606,48.78984244787605,5,6.2685890014759,5
1607,48.82022217542765,5,3.8085072062599368,5
1608,48.85060190297926,5,2.8164652940820836,5
1609,48.88098163053086,5,2.383127790452052,5
1610,48.911361358082466,4,20.422939340429263,4
1611,48.94174108563407,4,2.7287908628388866,4
1612,48.972120813185676,4,1.4304224436805821,4
1613,49.00250054073728,4,0.2962501880476809,4
1614,49.032880268288885,4,0.2962501880476809,4
1615,49.06325999584048,3,18.241323538718135,3
1616,49.09363972339209,3,5.855916531538795,3
1617,49.12401945094369,5,2.0708443859006818,5
1618,49.1543991784953,5,0.6703376540681762,5
1619,49.1847789060469,5,0.0,5
1620,49.215158633598506,4,7.768253016612745,4
1621,49.24553836115011,4,2.8456463716578475,4
1622,49.275918088701715,4,1.011461409887972,4
1623,49.30629781625332,4,0.5925003760953618,4
1624,49.336677543804925,4,0.0,4
1625,49.36705727135653,4,7.092678022643103,4
1626,49.39743699890813,4,2.6662516924291277,4
1627,49.42781672645973,4,1.673896968709682,4
1628,49.458196454011336,4,0.6624355588217101,4
1629,49.48857618156294,4,0.8887505641430427,4
1630,49.518955909114545,4,9.1372008552025,4
1631,49.54933563666615,4,2.757240727784761,4
1632,49.579715364217755,4,0.8379220675852203,4
1633,49.61009509176936,4,0.5925003760953618,4
1634,49.640474819320964,4,0.2962501880476809,4
1635,49.67085454687257,4,6.453151786000274,4
1636,49.701234274424166,4,2.564594699313483,4
1637,49.73161400197577,4,1.254935934917072,4
1638,49.761993729527376,4,0.8887505641430427,4
1639,49.79237345707898,4,0.8887505641430428,4
1640,49.822753184630585,4,7.150277836482401,4
1641,49.85313291218219,4,2.9823565302619732,4
1642,49.883512639733794,4,1.3776467806620012,4
1643,49.9138923672854,4,0.5925003760953618,4
1644,49.944272094837004,4,0.8887505641430428,4
1645,49.97465182238861,4,30.929454309095217,4
1646,50.00503154994021,4,3.8347429874775645,4
1647,50.03541127749181,4,1.6606456194671242,4
1648,50.065791005043415,4,0.7152112218402911,4
1649,50.09617073259502,4,0.0,4
1650,50.126550460146625,3,13.116786514203463,3
1651,50.15693018769823,3,5.507990900700325,3
1652,50.187309915249834,3,3.5263436605247436,3
1653,50.21768964280144,3,2.3700015043814466,3
1654,50.24806937035304,3,1.9750012536512056,3
1655,50.27844909790465,2,11.41478894412804,2
1656,50.30882882545625,2,4.386353894959651,2
1657,50.33920855300786,2,1.917371493738782,2
1658,50.369588280559455,2,1.6758441351704405,2
1659,50.39996800811106,2,0.5925003760953618,2
1660,50.430347735662664,2,41.61685208550994,2
1661,50.46072746321427,2,8.278393585533294,2
1662,50.491107190765874,1,1.1850007521907235,1
1663,50.52148691831748,1,1.6758441351704405,1
1664,50.55186664586908,1,1.6758441351704405,1
1665,50.58224637342069,1,9.771766535437461,1
1666,50.61262610097229,1,3.747301405935451,1
1667,50.6430058285239,1,1.1850007521907235,1
1668,50.6733855560755,1,1.1850007521907235,1
1669,50.7037652836271,1,0.0,1
1670,50.734145011178704,1,8.626935694828537,1
1671,50.76452473873031,1,3.747301405935451,1
1672,50.79490446628191,1,1.6758441351704405,1
1673,50.82528419383352,1,1.1850007521907235,1
1674,50.85566392138512,1,0.0,1
1675,50.88604364893673,1,7.494602811870902,1
1676,50.91642337648833,1,2.6497422352868405,1
1677,50.94680310403994,1,0.0,1
1678,50.97718283159154,1,1.1850007521907235,1
1679,51.007562559143146,1,0.0,1
1680,51.037942286694744,1,12.762848694250797,1
1681,51.06832201424635,1,4.8858832677187305,1
1682,51.09870174179795,2,2.370001504381447,2
1683,51.12908146934956,3,0.0,3
1684,51.15946119690116,3,0.8832474117622802,3
1685,51.18984092445277,3,3.2083569470103206,3
1686,51.22022065200437,3,1.6732479132227625,3
1687,51.250600379555976,3,0.9536149624537215,3
1688,51.28098010710758,3,0.7900005014604824,3
1689,51.311359834659186,3,0.5586147117234802,3
1690,51.34173956221078,2,33.584997989456745,2
1691,51.37211928976239,2,4.968213301848785,2
1692,51.40249901731399,2,1.4304224436805821,2
1693,51.4328787448656,2,0.5925003760953618,2
1694,51.4632584724172,2,0.0,2
1695,51.49363819996881,2,39.10502482229387,2
1696,51.52401792752041,2,14.330257764584875,2
1697,51.554397655072016,2,5.577925076348114,2
1698,51.58477738262362,2,1.1850007521907235,2
1699,51.615157110175225,2,0.5925003760953618,2
1700,51.64553683772683,1,11.850007521907234,1
1701,51.67591656527843,1,4.27258097348705,1
1702,51.70629629283003,1,2.6497422352868405,1
1703,51.73667602038164,1,0.0,1
1704,51.76705574793324,1,0.0,1
1705,51.797435475484846,1,13.81936476275921,1
1706,51.82781520303645,1,6.381424347125399,1
1707,51.858194930588056,2,2.370001504381447,2
1708,51.88857465813966,2,0.8379220675852203,2
1709,51.918954385691265,2,0.0,2
1710,51.94933411324287,2,6.909682381379605,2
1711,51.979713840794474,2,2.9625018804768084,2
1712,52.01009356834607,2,0.5925003760953618,2
1713,52.04047329589768,2,0.8379220675852203,2
1714,52.07085302344928,2,0.5925003760953618,2
1715,52.101232751000886,2,8.231278288632756,2
1716,52.13161247855249,2,2.6497422352868405,2
1717,52.161992206104095,2,1.6758441351704405,2
1718,52.1923719336557,2,0.0,2
1719,52.222751661207305,2,0.8379220675852203,2
1720,52.25313138875891,2,2.268344511265802,2
1721,52.283511116310514,2,2.136290486743525,2
1722,52.31389084386212,2,2.136290486743525,2
1723,52.344270571413716,2,1.8736507029677254,2
1724,52.37465029896532,2,2.136290486743525,2
1725,52.405030026516926,2,2.7287908628388866,2
1726,52.43540975406853,2,1.3248711176434202,2
1727,52.465789481620135,2,2.136290486743525,2
1728,52.49616920917174,2,1.8736507029677254,2
1729,52.526548936723344,2,2.136290486743525,2
1730,52.55692866427495,3,2.136290486743525,3
1731,52.587308391826554,3,3.3991949114802225,3
1732,52.61768811937816,3,1.2782476624925214,3
1733,52.64806784692976,3,1.4241936578290166,3
1734,52.67844757448136,3,1.4241936578290166,3
1735,52.708827302032965,3,2.673294126474167,3
1736,52.73920702958457,3,2.377808620282738,3
1737,52.769586757136175,3,1.6441007193753914,3
1738,52.79996648468778,3,1.1172294234469604,3
1739,52.830346212239384,3,1.4241936578290166,3
1740,52.86072593979099,2,6.935976135428541,2
1741,52.89110566734259,2,3.91379161502961,2
1742,52.9214853948942,3,2.974212554328745,3
1743,52.9518651224458,3,1.4241936578290166,3
1744,52.9822448499974,3,0.8832474117622802,3
1745,53.012624577549005,3,28.36529539880325,3
1746,53.04300430510061,3,10.611845777336063,3
1747,53.073384032652214,4,4.612267467176658,4
1748,53.10376376020382,4,1.956895807514805,4
1749,53.13414348775542,4,0.9368253514838627,4
1750,53.16452321530703,3,39.96581241098723,3
1751,53.19490294285863,4,14.051517033178053,4
1752,53.22528267041024,3,3.253248916143727,3
1753,53.25566239796184,3,0.7900005014604824,3
1754,53.28604212551345,3,0.3950002507302412,3
1755,53.316421853065044,2,26.72889184520518,2
1756,53.34680158061665,2,9.04597286812313,2
1757,53.377181308168254,2,3.487664302872061,2
1758,53.40756103571986,2,0.8379220675852203,2
1759,53.43794076327146,2,0.5925003760953618,2
1760,53.46832049082307,2,20.550065393112334,2
1761,53.49870021837467,2,7.14134207312903,2
1762,53.52907994592628,2,3.461161604386945,2
1763,53.55945967347788,2,0.0,2
1764,53.58983940102949,2,0.5925003760953618,2
1765,53.62021912858109,5,133.18004684136503,5
1766,53.65059885613269,5,8.772353197453533,5
1767,53.68097858368429,5,3.250404127407724,5
1768,53.7113583112359,5,0.8091691279103775,5
1769,53.7417380387875,5,0.8091691279103775,5
1770,53.77211776633911,5,21.691171202280593,5
1771,53.80249749389071,5,11.149798870022568,5
1772,53.83287722144232,5,7.43790761912098,5
1773,53.86325694899392,5,5.619663121274323,5
1774,53.893636676545526,5,5.3092191275633045,5
1775,53.92401640409713,5,15.835313954959432,5
1776,53.954396131648735,4,8.695649536182156,4
1777,53.98477585920033,4,7.077354564611484,4
1778,54.01515558675194,4,6.891116813643485,4
1779,54.04553531430354,4,6.765090901435045,4
1780,54.07591504185515,3,16.00111802162916,3
1781,54.10629476940675,3,9.299782543405271,3
1782,54.136674496958356,3,6.270190611430748,3
1783,54.16705422450996,3,4.863917944518082,3
1784,54.197433952061566,3,5.058471358485719,3
1785,54.22781367961317,3,16.49809908932559,3
1786,54.258193407164775,3,8.914296312963971,3
1787,54.28857313471638,3,6.176943701128951,3
1788,54.31895286226798,3,5.1514331285451105,3
1789,54.34933258981958,3,5.1514331285451105,3
1790,54.37971231737119,2,23.24697981278623,2
1791,54.41009204492279,2,7.98346385679039,2
1792,54.440471772474396,2,3.000715252813861,2
1793,54.470851500026,3,2.4658446366309223,3
1794,54.501231227577605,3,0.7900005014604824,3
1795,54.53161095512921,2,16.008103097736242,2
1796,54.561990682680815,2,5.092683869146206,2
1797,54.59237041023242,2,3.000715252813861,2
1798,54.62275013778402,2,0.0,2
1799,54.65312986533562,2,0.0,2
1800,54.683509592887226,2,23.476390262758834,2
1801,54.71388932043883,2,8.486961782411568,2
1802,54.744269047990436,2,3.058651455158449,2
1803,54.77464877554204,2,1.1850007521907235,2
1804,54.805028503093645,2,0.5925003760953618,2
1805,54.83540823064525,2,21.73104033746082,2
1806,54.865787958196854,3,7.7219147588657115,3
1807,54.89616768574846,3,2.702441320321538,3
1808,54.926547413300064,3,0.3950002507302412,3
1809,54.95692714085166,3,0.3950002507302412,3
1810,54.987306868403266,3,22.28829938049201,3
1811,55.01768659595487,3,8.540520371612034,3
1812,55.048066323506475,3,3.381448349052581,3
1813,55.07844605105808,3,0.3950002507302412,3
1814,55.108825778609685,3,0.3950002507302412,3
1815,55.13920550616129,3,22.82077662049493,3
1816,55.169585233712894,3,8.583717403860105,3
1817,55.1999649612645,4,2.761330142822352,4
1818,55.2303446888161,4,1.011461409887972,4
1819,55.26072441636771,4,0.2962501880476809,4
1820,55.291104143919306,4,20.692544853693352,4
1821,55.32148387147091,4,7.226373807784221,4
1822,55.351863599022515,4,3.3842640021583232,4
1823,55.38224332657412,4,0.5925003760953618,4
1824,55.412623054125724,4,0.2962501880476809,4
1825,55.44300278167733,4,18.808025358553834,4
1826,55.473382509228934,4,7.590231875007693,4
1827,55.50376223678054,4,3.2441897778429607,4
1828,55.53414196433214,4,1.6606456194671242,4
1829,55.56452169188375,4,1.134172255632901,4
1830,55.59490141943535,4,19.887694618029517,4
1831,55.62528114698695,4,7.569776148300241,4
1832,55.655660874538555,4,3.8801226381795555,4
1833,55.68604060209016,4,1.5531332894255114,4
1834,55.716420329641764,4,1.2568831013778303,4
1835,55.74680005719337,3,39.245878494076074,3
1836,55.77717978474497,3,8.71994135448051,3
1837,55.80755951229658,2,1.7775011282860853,2
1838,55.83793923984818,2,0.5925003760953618,2
1839,55.86831896739979,2,0.5925003760953618,2
1840,55.89869869495139,2,10.386510313977123,2
1841,55.929078422503,2,5.098792367220334,2
1842,55.959458150054594,2,4.287372998120229,2
1843,55.9898378776062,2,3.106266578851022,2
1844,56.020217605157804,2,2.6497422352868405,2
1845,56.05059733270941,3,200.4449153082704,3
1846,56.08097706026101,3,7.694384269259764,3
1847,56.11135678781262,3,2.928616216104927,3
1848,56.14173651536422,3,0.9536149624537215,3
1849,56.17211624291583,3,0.8832474117622802,3
1850,56.20249597046743,3,14.55198693488302,3
1851,56.232875698019036,3,9.486929327878265,3
1852,56.263255425570634,3,6.833726754273933,3
1853,56.29363515312224,3,6.642582477868497,3
1854,56.32401488067384,3,6.873697292287635,3
1855,56.35439460822545,3,23.381445566072575,3
1856,56.38477433577705,3,8.776276761393238,3
1857,56.41515406332866,2,2.7115727705529458,2
1858,56.44553379088026,2,0.0,2
1859,56.47591351843187,2,0.5925003760953618,2
1860,56.50629324598347,3,24.734401293201472,3
1861,56.536672973535076,3,6.945875099961216,3
1862,56.56705270108668,3,3.1906884813535767,3
1863,56.59743242863828,3,1.1172294234469604,3
1864,56.62781215618988,3,0.3950002507302412,3
1865,56.65819188374149,3,15.866010022739212,3
1866,56.68857161129309,3,6.772287308820792,3
1867,56.7189513388447,3,2.761330142822352,3
1868,56.7493310663963,3,1.9750012536512063,3
1869,56.779710793947906,3,1.2491004686451503,3
1870,56.81009052149951,3,31.031560555857293,3
1871,56.840470249051116,3,6.702392528421609,3
1872,56.87084997660272,4,2.6909625921309104,4
1873,56.901229704154325,4,0.7152112218402911,4
1874,56.93160943170592,4,0.0,4
1875,56.96198915925753,4,15.664235068811514,4
1876,56.99236888680913,4,7.117992002325374,4
1877,57.02274861436074,5,4.148657093915739,5
1878,57.05312834191234,5,2.0779767767607895,5
1879,57.083508069463946,5,1.7549667622893543,5
1880,57.11388779701555,5,14.649368862051077,5
1881,57.144267524567155,5,6.09377176849542,5
1882,57.17464725211876,5,3.6434934227726337,5
1883,57.205026979670365,5,2.4131456037948777,5
1884,57.23540670722197,5,1.9344610333778136,5
1885,57.26578643477357,4,25.739974363089424,4
1886,57.29616616232517,4,6.348941125847665,4
1887,57.326545889876776,3,3.243387566388274,3
1888,57.35692561742838,3,3.0922306770981662,3
1889,57.387305344979985,3,2.3074410695912966,3
1890,57.41768507253159,3,5.4564529450425425,3
1891,57.448064800083195,3,4.421701314523644,3
1892,57.4784445276348,3,4.852729478202599,3
1893,57.508824255186404,3,4.170050837182221,3
1894,57.53920398273801,3,5.204802467701119,3
1895,57.56958371028961,4,10.553597152918496,4
1896,57.59996343784121,4,3.976764378253685,4
1897,57.630343165392816,4,3.3364897546375643,4
1898,57.66072289294442,4,2.4590433732763213,4
1899,57.691102620496025,4,2.193708452861693,4
1900,57.72148234804763,4,8.876598969942098,4
1901,57.751862075599234,4,5.152925118739631,4
1902,57.78224180315084,4,3.2176870793578454,4
1903,57.812621530702444,4,2.4590433732763213,4
1904,57.84300125825405,4,2.549396183610167,4
1905,57.87338098580565,3,4.858725500622726,3
1906,57.90376071335725,3,3.331423582736459,3
1907,57.934140440908855,3,2.5414230812759766,3
1908,57.96452016846046,3,2.5414230812759766,3
1909,57.994899896012065,3,2.924944603815591,3
1910,58.02527962356367,3,6.569651053971061,3
1911,58.055659351115274,3,4.477015071564277,3
1912,58.08603907866688,3,3.100037792999457,3
1913,58.11641880621848,3,2.936423332006218,3
1914,58.14679853377009,3,3.4950380437296977,3
1915,58.17717826132169,2,8.680671043536025,2
1916,58.2075579888733,2,4.5792321206028905,2
1917,58.237937716424895,2,3.3212912389342484,2
1918,58.2683174439765,2,2.7287908628388866,2
1919,58.298697171528104,2,3.106266578851022,2
1920,58.32907689907971,2,57.95850484477674,2
1921,58.359456626631314,2,5.098792367220334,2
1922,58.38983635418292,2,1.4304224436805821,2
1923,58.42021608173452,2,0.8379220675852203,2
1924,58.45059580928613,2,0.5925003760953618,2
1925,58.48097553683773,2,23.1676879073054,2
1926,58.51135526438934,2,7.3362342613416685,2
1927,58.54173499194094,3,3.461161604386945,3
1928,58.57211471949254,3,0.9536149624537215,3
1929,58.602494447044144,3,0.3950002507302412,3
1930,58.63287417459575,3,21.747581434760008,3
1931,58.66325390214735,3,7.614660308130304,3
1932,58.69363362969896,3,3.1864748722221488,3
1933,58.72401335725056,3,0.8832474117622802,3
1934,58.75439308480217,3,0.0,3
1935,58.78477281235377,3,22.394306744417793,3
1936,58.81515253990538,3,8.571440383637004,3
1937,58.84553226745698,2,1.3248711176434202,2
1938,58.875911995008586,2,0.8379220675852203,2
1939,58.906291722560184,2,0.5925003760953618,2
1940,58.93667145011179,1,26.4974223528684,1
1941,58.96705117766339,1,9.024696858962614,1
1942,58.997430905215,1,3.351688270340881,1
1943,59.0278106327666,1,1.1850007521907235,1
1944,59.05819036031821,1,0.0,1
1945,59.08857008786981,1,20.695148434385217,1
1946,59.118949815421416,1,7.9492267058605215,1
1947,59.14932954297302,1,2.6497422352868405,1
1948,59.179709270524626,1,0.0,1
1949,59.21008899807623,1,0.0,1
1950,59.24046872562783,2,24.913214123234297,2
1951,59.27084845317943,2,6.101761865688054,2
1952,59.30122818073104,2,1.917371493738782,2
1953,59.33160790828264,2,0.8379220675852203,2
1954,59.36198763583425,2,0.5925003760953618,2
1955,59.39236736338585,2,15.898453411721043,2
1956,59.422747090937456,2,6.385999132449032,2
1957,59.45312681848906,2,3.91379161502961,2
1958,59.483506546040665,2,2.466151079063087,2
1959,59.51388627359227,2,1.8736507029677254,2
1960,59.54426600114387,2,16.204322947101627,2
1961,59.57464572869547,2,7.173135173541406,2
1962,59.60502545624708,2,3.91379161502961,2
1963,59.63540518379868,2,1.8736507029677254,2
1964,59.665784911350286,2,1.8736507029677254,2
1965,59.69616463890189,2,18.600640463576077,2
1966,59.726544366453496,2,7.709102654641655,2
1967,59.7569240940051,2,4.427243363572926,2
1968,59.787303821556705,2,1.8736507029677254,2
1969,59.81768354910831,2,1.917371493738782,2
1970,59.848063276659914,2,20.17414489498835,2
1971,59.87844300421151,2,9.29765913646804,2
1972,59.90882273176312,2,4.427243363572926,2
1973,59.93920245931472,2,2.7287908628388866,2
1974,59.969582186866326,2,2.466151079063087,2
1975,59.99996191441793,1,3.555002256572171,1
1976,60.030341641969535,1,3.747301405935451,1
1977,60.06072136952114,4,3.747301405935451,4
1978,60.091101097072745,4,0.9368253514838627,4
1979,60.12148082462435,4,0.9368253514838627,4
1980,60.151860552175954,4,0.8887505641430428,4
1981,60.18224027972756,4,0.6624355588217101,4
1982,60.212620007279156,4,1.2214708169296826,4
1983,60.24299973483076,4,0.9368253514838627,4
1984,60.273379462382366,4,0.6624355588217101,4
1985,60.30375918993397,3,0.0,3
1986,60.334138917485575,3,0.0,3
1987,60.36451864503718,3,0.0,3
1988,60.394898372588784,3,0.0,3
1989,60.42527810014039,3,0.0,3
1990,60.455657827691994,4,0.0,4
1991,60.4860375552436,4,1.8020195434502344,4
1992,60.5164172827952,4,0.5925003760953618,4
1993,60.5467970103468,4,0.2962501880476809,4
1994,60.577176737898405,5,0.2962501880476809,5
1995,60.60755646545001,4,4.409736964757161,4
1996,60.637936193001615,4,2.173021048582367,4
1997,60.66831592055322,4,1.0813965926143203,4
1998,60.698695648104824,4,0.5925003760953618,4
1999,60.72907537565643,4,0.6624355588217101,4
2000,60.75945510320803,3,15.830772228244053,3
2001,60.78983483075964,3,2.0391009701056326,3
2002,60.82021455831124,3,0.9536149624537215,3
2003,60.85059428586284,3,0.3950002507302412,3
2004,60.880974013414445,3,0.3950002507302412,3
2005,60.91135374096605,4,6.369952958640579,4
2006,60.941733468517654,4,4.443752820715213,4
2007,60.97211319606926,5,1.9002119740310146,5
2008,61.00249292362086,5,1.6590010530670127,5
2009,61.03287265117247,5,0.7110004513144341,5
2010,61.06325237872407,4,11.406286487278043,4
2011,61.09363210627568,4,4.090392542321149,4
2012,61.12401183382728,5,1.970147156757363,5
2013,61.15439156137889,5,1.1850007521907235,5
2014,61.184771288930484,5,0.5721689774722328,5
2015,61.21515101648209,5,25.167586542293964,5
2016,61.245530744033694,5,7.015835430055782,5
2017,61.2759104715853,5,2.481897796743605,5
2018,61.3062901991369,5,1.1443379549444657,5
2019,61.33666992668851,5,0.8091691279103775,5
2020,61.36704965424011,5,18.441595904168004,5
2021,61.39742938179172,5,7.692511566367815,5
2022,61.42780910934332,6,2.8824616351303924,6
2023,61.45818883689493,6,1.6043143794136043,6
2024,61.48856856444653,6,1.1850007521907235,6
2025,61.51894829199813,7,36.07767747001829,7
2026,61.54932801954973,7,4.878024506122914,7
2027,61.57970774710134,7,2.600090324674583,7
2028,61.61008747465294,7,2.221555719633606,7
2029,61.64046720220455,7,2.0314298608983834,7
2030,61.67084692975615,7,9.59926488219754,7
2031,61.70122665730776,7,4.52132024995357,7
2032,61.73160638485936,7,3.168750788450783,7
2033,61.761986112410966,7,2.200715682639915,7
2034,61.79236583996257,7,2.052269897892074,7
2035,61.822745567514175,6,8.814043736216913,6
2036,61.85312529506577,6,4.823235753500346,6
2037,61.88350502261738,6,3.1843153823345687,6
2038,61.91388475016898,6,2.4263647391013,6
2039,61.94426447772059,6,2.64617494312468,6
2040,61.97464420527219,6,8.114963355754004,6
2041,62.005023932823796,6,4.810939840406433,6
2042,62.0354036603754,6,3.122982424351541,6
2043,62.065783387927006,6,2.86798844498244,6
2044,62.09616311547861,6,2.4875617911758843,6
2045,62.126542843030215,7,8.406815688325134,7
2046,62.15692257058182,7,4.657039192199345,7
2047,62.18730229813342,7,2.5792502876808925,7
2048,62.21768202568502,7,2.291676202916423,7
2049,62.24806175323663,7,2.221555719633606,7
2050,62.27844148078823,6,5.484633965700344,6
2051,62.308821208339836,6,2.5675016297465683,6
2052,62.33920093589144,6,2.2191248341672254,6
2053,62.369580663443045,6,1.604314379413604,6
2054,62.39996039099465,7,1.8484379599296237,7
2055,62.430340118546255,4,8.463402776434343,4
2056,62.46071984609786,4,3.9722673614385897,4
2057,62.49109957364946,4,1.970147156757363,4
2058,62.52147930120106,4,0.7152112218402911,4
2059,62.551859028752666,4,0.5925003760953618,4
2060,62.58223875630427,4,21.136060637697625,4
2061,62.612618483855876,4,3.546499161679275,4
2062,62.64299821140748,4,1.254935934917072,4
2063,62.673377938959085,4,0.5925003760953618,4
2064,62.70375766651069,4,0.5925003760953618,4
2065,62.734137394062294,5,10.879995513231762,5
2066,62.7645171216139,5,4.921092915957481,5
2067,62.794896849165504,4,1.970147156757363,4
2068,62.8252765767171,4,0.8887505641430427,4
2069,62.855656304268706,4,0.0,4
2070,62.88603603182031,5,10.443770473836686,5
2071,62.916415759371915,5,3.8970739759142043,5
2072,62.94679548692352,5,1.283169428786667,5
2073,62.977175214475125,5,0.2370001504381447,5
2074,63.00755494202673,5,0.7110004513144341,5
2075,63.037934669578334,5,11.854242936212191,5
2076,63.06831439712994,5,4.866068338774968,5
2077,63.09869412468154,5,2.1482867028781234,5
2078,63.12907385223315,5,0.9480006017525788,5
2079,63.159453579784746,5,0.4740003008762894,5
2080,63.18983330733635,5,25.009110286681523,5
2081,63.220213034887955,5,5.386914712782259,5
2082,63.25059276243956,5,2.53940367609329,5
2083,63.280972489991164,5,0.7110004513144341,5
2084,63.31135221754277,5,0.2370001504381447,5
2085,63.341731945094374,5,18.845593441135012,5
2086,63.37211167264598,5,6.680891083542899,5
2087,63.40249140019758,5,2.6200840363808107,5
2088,63.43287112774919,5,1.0461692783485224,5
2089,63.46325085530079,5,0.2370001504381447,5
2090,63.49363058285239,5,15.802365674545252,5
2091,63.524010310403995,5,5.865359319842158,5
2092,63.5543900379556,6,3.2267585693899803,6
2093,63.584769765507204,6,1.4145507357830576,6
2094,63.61514949305881,6,1.360054892989141,6
2095,63.64552922061041,4,16.68636806245071,4
2096,63.67590894816202,4,6.92209398506055,4
2097,63.70628867571362,4,3.508081930479558,4
2098,63.73666840326523,4,1.5177210049773635,4
2099,63.76704813081683,4,1.2330755395315436,4
2100,63.79742785836844,4,17.122366354296684,4
2101,63.827807585920034,4,6.245410238649565,4
2102,63.85818731347164,4,3.5243382264736853,4
2103,63.888567041023244,4,1.5293257275792245,4
2104,63.91894676857485,4,1.3248711176434202,4
2105,63.94932649612645,3,12.928982602760478,3
2106,63.97970622367806,3,6.253371244844289,3
2107,64.01008595122966,4,2.772808871012979,4
2108,64.04046567878126,4,1.6404318507222928,4
2109,64.07084540633286,4,0.9368253514838627,4
2110,64.10122513388447,4,11.569410509329597,4
2111,64.13160486143607,4,4.4291081976973565,4
2112,64.16198458898768,4,2.8207317272352554,4
2113,64.19236431653928,4,1.5293257275792245,4
2114,64.22274404409089,4,1.6211213056911011,4
2115,64.25312377164249,4,10.617529274355862,4
2116,64.2835034991941,4,4.936198088739714,4
2117,64.3138832267457,4,2.0796066532597344,4
2118,64.3442629542973,4,1.9366820387699737,4
2119,64.37464268184891,4,1.2214708169296826,4
2120,64.40502240940052,3,12.594196705707946,3
2121,64.43540213695212,3,5.147943172577141,3
2122,64.46578186450373,3,1.7664948235245603,3
2123,64.49616159205533,3,0.3950002507302412,3
2124,64.52654131960693,3,0.0,3
2125,64.55692104715854,3,14.00100794759737,3
2126,64.58730077471014,3,5.498129550944874,3
2127,64.61768050226175,3,1.7664948235245603,3
2128,64.64806022981334,3,0.7900005014604824,3
2129,64.67843995736494,3,0.0,3
2130,64.70881968491655,3,14.424314299549488,3
2131,64.73919941246815,3,4.951088655554316,3
2132,64.76957914001976,3,2.1323478804074303,3
2133,64.79995886757136,3,0.5586147117234802,3
2134,64.83033859512297,3,0.0,3
2135,64.86071832267457,3,16.449462730436164,3
2136,64.89109805022618,3,6.182731882335961,3
2137,64.92147777777778,4,2.1323478804074303,4
