frame_idx,timestamp,density,avg_speed_lane_0
1,0.030379728,0,0
2,0.060759455,0,0
3,0.091139183,0,0
4,0.12151891,0,0
5,0.151898638,0,0
6,0.182278365,0,0
7,0.212658093,0,0
8,0.24303782,0,0
9,0.273417548,0,0
10,0.303797276,1,0
11,0.334177003,1,15.40500978
12,0.364556731,1,5.299484471
13,0.394936458,1,1.185000752
14,0.425316186,1,0
15,0.455695913,1,40.8094715
16,0.486075641,1,15.89845341
17,0.516455368,1,5.299484471
18,0.546835096,1,1.675844135
19,0.577214823,1,0
20,0.607594551,1,29.6250188
21,0.637974279,1,10.12465086
22,0.668354006,1,3.747301406
23,0.698733734,1,1.185000752
24,0.729113461,1,0
25,0.759493189,1,14.31841857
26,0.789872916,1,6.381424347
27,0.820252644,1,1.185000752
28,0.850632371,1,1.185000752
29,0.881012099,1,1.185000752
30,0.911391827,2,78.78250046
31,0.941771554,2,27.97105526
32,0.972151282,3,15.50729188
33,1.002531009,3,18.18885302
34,1.032910737,3,6.369187664
35,1.063290464,3,21.26557911
36,1.093670192,3,10.42239056
37,1.124049919,3,6.006321734
38,1.154429647,3,4.423228223
39,1.184809375,3,3.60362901
40,1.215189102,3,16.7483211
41,1.24556883,3,8.14643753
42,1.275948557,3,4.788629762
43,1.306328285,3,4.872362652
44,1.336708012,3,3.642741742
45,1.36708774,3,23.82594451
46,1.397467467,3,12.34999008
47,1.427847195,4,7.59274425
48,1.458226922,4,5.244982426
49,1.48860665,4,3.714183167
50,1.518986378,2,68.21048338
51,1.549366105,2,4.220442762
52,1.579745833,2,3.78321255
53,1.61012556,2,2.442941634
54,1.640505288,2,2.442941634
55,1.670885015,2,23.45169743
56,1.701264743,2,10.34788261
57,1.73164447,2,5.670913215
58,1.762024198,2,3.834742987
59,1.792403926,2,2.442941634
60,1.822783653,2,19.32300887
61,1.853163381,2,8.824365981
62,1.883543108,2,4.894821682
63,1.913922836,2,3.834742987
64,1.944302563,2,3.03544201
65,1.974682291,2,49.75722448
66,2.005062018,2,10.5005864
67,2.035441746,2,3.78321255
68,2.065821474,2,2.02292282
69,2.096201201,2,0
70,2.126580929,2,16.10335383
71,2.156960656,2,9.158464241
72,2.187340384,2,6.38719655
73,2.217720111,2,5.654825809
74,2.248099839,2,5.478383644
75,2.278479566,1,10.12465086
76,2.308859294,1,9.771766535
77,2.339239021,1,11.24190422
78,2.369618749,1,9.771766535
79,2.399998477,1,10.12465086
80,2.430378204,1,0
81,2.460757932,1,8.545161947
82,2.491137659,1,2.649742235
83,2.521517387,1,1.185000752
84,2.551897114,1,0
85,2.582276842,1,31.104859
86,2.612656569,1,12.37177107
87,2.643036297,1,3.747301406
88,2.673416025,1,2.370001504
89,2.703795752,1,1.185000752
90,2.73417548,1,29.14716459
91,2.764555207,1,9.553781496
92,2.794934935,1,5.299484471
93,2.825314662,1,1.185000752
94,2.85569439,1,0
95,2.886074117,1,32.92511315
96,2.916453845,1,12.20032946
97,2.946833573,1,5.299484471
98,2.9772133,1,1.185000752
99,3.007593028,1,0
100,3.037972755,1,38.68986625
101,3.068352483,1,14.31841857
102,3.09873221,1,4.272580973
103,3.129111938,1,2.649742235
104,3.159491665,1,0
105,3.189871393,1,37.86443642
106,3.22025112,1,14.98920562
107,3.250630848,1,4.272580973
108,3.281010576,1,2.370001504
109,3.311390303,1,0
110,3.341770031,1,42.02995709
111,3.372149758,1,15.40500978
112,3.402529486,1,4.885883268
113,3.432909213,1,2.370001504
114,3.463288941,1,1.185000752
115,3.493668668,2,37.92874374
116,3.524048396,2,8.253037606
117,3.554428124,2,5.891984847
118,3.584807851,2,4.512348429
119,3.615187579,2,5.062325432
120,3.645567306,3,23.57262891
121,3.675947034,3,8.826685936
122,3.706326761,4,5.908499587
123,3.736706489,4,3.538492799
124,3.767086216,4,2.827412904
125,3.797465944,4,17.01789526
126,3.827845672,3,4.98323354
127,3.858225399,3,5.375929162
128,3.888605127,3,5.159595086
129,3.918984854,3,5.398511628
130,3.949364582,3,5.470302304
131,3.979744309,2,2.442941634
132,4.010124037,2,2.370001504
133,4.040503764,2,2.442941634
134,4.070883492,2,2.466151079
135,4.101263219,2,85.57570501
136,4.131642947,2,5.633653807
137,4.162022675,2,3.627942386
138,4.192402402,2,2.96250188
139,4.22278213,2,2.442941634
140,4.253161857,2,34.11816912
141,4.283541585,2,14.27911167
142,4.313921312,2,7.219832382
143,4.34430104,2,3.694872622
144,4.374680767,2,3.03544201
145,4.405060495,3,8.32455659
146,4.435440223,3,7.423350552
147,4.46581995,3,7.108777551
148,4.496199678,3,6.391238312
149,4.526579405,3,5.993331397
150,4.556959133,3,30.40378166
151,4.58733886,3,7.381306848
152,4.617718588,3,3.395122579
153,4.648098315,3,2.582242718
154,4.678478043,3,1.580001003
155,4.70885777,2,31.37496559
156,4.739237498,1,6.909682381
157,4.769617226,1,3.747301406
158,4.799996953,1,0
159,4.830376681,1,1.185000752
160,4.860756408,1,22.79394458
161,4.891136136,1,8.545161947
162,4.921515863,1,2.649742235
163,4.951895591,1,1.185000752
164,4.982275318,1,1.185000752
165,5.012655046,1,22.26414279
166,5.043034774,1,7.949226706
167,5.073414501,1,2.370001504
168,5.103794229,1,1.675844135
169,5.134173956,1,0
170,5.164553684,1,25.10971576
171,5.194933411,1,8.626935695
172,5.225313139,1,3.747301406
173,5.255692866,1,1.185000752
174,5.286072594,1,0
175,5.316452322,1,25.10971576
176,5.346832049,1,9.771766535
177,5.377211777,1,3.747301406
178,5.407591504,1,1.185000752
179,5.437971232,1,0
180,5.468350959,1,26.23110984
181,5.498730687,1,10.12465086
182,5.529110414,1,3.747301406
183,5.559490142,1,1.675844135
184,5.589869869,1,0
185,5.620249597,1,30.37395259
186,5.650629325,1,11.24190422
187,5.681009052,3,3.747301406
188,5.71138878,3,0.558614712
189,5.741768507,3,0
190,5.772148235,4,11.74420177
191,5.802527962,4,4.820363362
192,5.83290769,4,1.987306676
193,5.863287417,4,0.592500376
194,5.893667145,4,0
195,5.924046873,4,12.78758519
196,5.9544266,4,4.923733068
197,5.984806328,4,2.004970595
198,6.015186055,4,0.592500376
199,6.045565783,4,0
200,6.07594551,3,15.10252236
201,6.106325238,3,5.734792816
202,6.136704965,3,2.13234788
203,6.167084693,3,0.953614962
204,6.197464421,3,0.395000251
205,6.227844148,3,23.49538481
206,6.258223876,3,9.391348194
207,6.288603603,2,1.324871118
208,6.318983331,2,0.837922068
209,6.349363058,2,0
210,6.379742786,2,11.17927474
211,6.410122513,2,4.272580973
212,6.440502241,2,1.675844135
213,6.470881968,2,0
214,6.501261696,2,0
215,6.531641424,2,14.33067224
216,6.562021151,2,5.299484471
217,6.592400879,2,2.136290487
218,6.622780606,2,0.592500376
219,6.653160334,2,0.592500376
220,6.683540061,1,26.31128663
221,6.713919789,1,10.19376191
222,6.744299516,1,3.747301406
223,6.774679244,1,1.675844135
224,6.805058972,1,0
225,6.835438699,1,30.90103902
226,6.865818427,1,12.20032946
227,6.896198154,1,4.272580973
228,6.926577882,1,1.675844135
229,6.956957609,1,0
230,6.987337337,1,33.39095784
231,7.017717064,1,13.24871118
232,7.048096792,1,5.299484471
233,7.07847652,1,0
234,7.108856247,1,1.185000752
235,7.139235975,1,31.48625269
236,7.169615702,1,12.37177107
237,7.19999543,1,3.747301406
238,7.230375157,1,2.370001504
239,7.260754885,1,1.185000752
240,7.291134612,1,35.98189953
241,7.32151434,1,13.8700782
242,7.351894067,1,4.885883268
243,7.382273795,1,1.185000752
244,7.412653523,1,0
245,7.44303325,1,39.39125023
246,7.473412978,1,14.98920562
247,7.503792705,2,4.885883268
248,7.534172433,2,1.917371494
249,7.56455216,2,0
250,7.594931888,1,23.96515709
251,7.625311615,1,9.553781496
252,7.655691343,1,2.370001504
253,7.686071071,1,1.185000752
254,7.716450798,1,0
255,7.746830526,1,23.96515709
256,7.777210253,1,8.379220676
257,7.807589981,1,3.555002257
258,7.837969708,1,0
259,7.868349436,1,0
260,7.898729163,1,26.07001655
261,7.929108891,1,10.66500677
262,7.959488619,1,3.555002257
263,7.989868346,1,1.185000752
264,8.020248074,1,0
265,8.050627801,1,28.66134449
266,8.081007529,1,9.480006018
267,8.111387256,1,4.885883268
268,8.141766984,1,0
269,8.172146711,1,0
270,8.202526439,1,32.08267806
271,8.232906166,1,11.90911017
272,8.263285894,1,4.885883268
273,8.293665622,1,1.185000752
274,8.324045349,1,0
275,8.354425077,1,37.03956758
276,8.384804804,1,14.41615635
277,8.415184532,1,4.740003009
278,8.445564259,1,1.675844135
279,8.475943987,1,1.185000752
280,8.506323714,1,40.72335731
281,8.536703442,1,15.80988195
282,8.56708317,1,5.925003761
283,8.597462897,1,1.675844135
284,8.627842625,1,0
285,8.658222352,1,45.045618
286,8.68860208,3,16.63227814
287,8.718981807,3,2.370001504
288,8.749361535,3,0.790000501
289,8.779741262,3,0.395000251
290,8.81012099,3,18.00738197
291,8.840500718,3,6.922053399
292,8.870880445,3,3.356307687
293,8.901260173,2,1.430422444
294,8.9316399,2,0.592500376
295,8.962019628,2,2.974212554
296,8.992399355,3,1.430422444
297,9.022779083,3,0.790000501
298,9.05315881,3,0.953614962
299,9.083538538,3,0.790000501
300,9.113918265,3,2.325109535
301,9.144297993,3,1.512229674
302,9.174677721,3,0.790000501
303,9.205057448,3,0.558614712
304,9.235437176,3,0.395000251
305,9.265816903,3,2.720109786
306,9.296196631,3,1.348615213
307,9.326576358,3,0.953614962
308,9.356956086,3,0.558614712
309,9.387335813,3,0.395000251
310,9.417715541,3,2.961307436
311,9.448095269,3,1.743615464
312,9.478474996,3,0.953614962
313,9.508854724,3,0.953614962
314,9.539234451,3,0.558614712
315,9.569614179,3,3.99862926
316,9.599993906,3,2.138615715
317,9.630373634,3,0.558614712
318,9.660753361,3,0.790000501
319,9.691133089,3,0.953614962
320,9.721512817,2,3.058651455
321,9.751892544,2,1.777501128
322,9.782272272,2,0.592500376
323,9.812651999,2,0
324,9.843031727,2,0
325,9.873411454,2,5.381540215
326,9.903791182,2,1.917371494
327,9.934170909,3,0.592500376
328,9.964550637,3,0.395000251
329,9.994930364,3,0
330,10.02531009,2,2.649742235
331,10.05568982,2,0.592500376
332,10.08606955,2,0.837922068
333,10.11644927,2,0
334,10.146829,2,0
335,10.17720873,2,1.185000752
336,10.20758846,2,0.592500376
337,10.23796818,3,0.592500376
338,10.26834791,3,0.395000251
339,10.29872764,3,0.395000251
340,10.32910737,3,5.675883769
341,10.3594871,2,0.592500376
342,10.38986682,2,0.592500376
343,10.42024655,2,0
344,10.45062628,2,0
345,10.48100601,3,2.765001755
346,10.51138573,3,2.023628007
347,10.54176546,3,1.185000752
348,10.57214519,3,0
349,10.60252492,3,0.395000251
350,10.63290464,3,1.743615464
351,10.66328437,3,0.395000251
352,10.6936641,3,0
353,10.72404383,3,0.790000501
354,10.75442355,3,0.558614712
355,10.78480328,3,2.023628007
356,10.81518301,3,0.790000501
357,10.84556274,3,0.790000501
358,10.87594246,3,0
359,10.90632219,3,0.395000251
360,10.93670192,3,1.278247662
361,10.96708165,3,0.790000501
362,10.99746137,3,0.395000251
363,11.0278411,3,0.395000251
364,11.05822083,3,0
365,11.08860056,3,1.580001003
366,11.11898028,3,0.395000251
367,11.14936001,3,0.395000251
368,11.17973974,3,0.395000251
369,11.21011947,3,0.395000251
370,11.24049919,2,1.430422444
371,11.27087892,2,0.592500376
372,11.30125865,2,1.185000752
373,11.33163838,2,0
374,11.3620181,2,0
375,11.39239783,2,1.185000752
376,11.42277756,2,0
377,11.45315729,2,1.185000752
378,11.48353701,2,0
379,11.51391674,2,0.592500376
380,11.54429647,2,1.777501128
381,11.5746762,2,0.592500376
382,11.60505592,2,0.592500376
383,11.63543565,2,0
384,11.66581538,2,0
385,11.69619511,2,0
386,11.72657483,2,0.592500376
387,11.75695456,2,0.592500376
388,11.78733429,2,0
389,11.81771402,2,1.185000752
390,11.84809375,2,1.324871118
391,11.87847347,2,0
392,11.9088532,2,0.592500376
393,11.93923293,2,0.592500376
394,11.96961266,2,0.592500376
395,11.99999238,2,0
396,12.03037211,2,0
397,12.06075184,2,0
398,12.09113157,2,1.185000752
399,12.12151129,2,0
400,12.15189102,2,7.328824902
401,12.18227075,2,1.185000752
402,12.21265048,2,0
403,12.2430302,2,0
404,12.27340993,2,0
405,12.30378966,2,1.777501128
406,12.33416939,2,0
407,12.36454911,2,0.837922068
408,12.39492884,2,0.592500376
409,12.42530857,2,0
410,12.4556883,2,1.185000752
411,12.48606802,2,0.837922068
412,12.51644775,2,0
413,12.54682748,2,1.185000752
414,12.57720721,2,0
415,12.60758693,2,1.185000752
416,12.63796666,2,0.592500376
417,12.66834639,2,0.592500376
418,12.69872612,2,0.592500376
419,12.72910584,2,0.592500376
420,12.75948557,2,5.130685326
421,12.7898653,2,1.185000752
422,12.82024503,2,0
423,12.85062475,2,0.592500376
424,12.88100448,2,0.592500376
425,12.91138421,2,1.324871118
426,12.94176394,2,0.592500376
427,12.97214366,2,0
428,13.00252339,2,0
429,13.03290312,2,0
430,13.06328285,2,2.649742235
431,13.09366257,2,0.837922068
432,13.1240423,2,0.837922068
433,13.15442203,2,0.837922068
434,13.18480176,2,0.592500376
435,13.21518148,2,2.50987187
436,13.24556121,2,0.837922068
437,13.27594094,2,0.592500376
438,13.30632067,2,0
439,13.3367004,2,0.592500376
440,13.36708012,2,1.777501128
441,13.39745985,2,0.592500376
442,13.42783958,2,0.592500376
443,13.45821931,2,0
444,13.48859903,2,0.592500376
445,13.51897876,2,3.913791615
446,13.54935849,2,1.185000752
447,13.57973822,2,0.592500376
448,13.61011794,2,1.185000752
449,13.64049767,2,0
450,13.6708774,2,4.316592337
451,13.70125713,2,1.917371494
452,13.73163685,2,0.592500376
453,13.76201658,2,0.592500376
454,13.79239631,2,0
455,13.82277604,2,3.03544201
456,13.85315576,2,1.185000752
457,13.88353549,2,1.185000752
458,13.91391522,2,0
459,13.94429495,2,0.837922068
460,13.97467467,2,3.974613353
461,14.0050544,2,1.185000752
462,14.03543413,2,0
463,14.06581386,2,0.592500376
464,14.09619358,2,0
465,14.12657331,2,9.586857469
466,14.15695304,2,3.767812752
467,14.18733277,2,0.592500376
468,14.21771249,2,1.185000752
469,14.24809222,2,0
470,14.27847195,2,4.798672108
471,14.30885168,2,1.777501128
472,14.3392314,2,0
473,14.36961113,2,0
474,14.39999086,2,0
475,14.43037059,2,3.555002257
476,14.46075031,2,1.185000752
477,14.49113004,2,1.185000752
478,14.52150977,2,0
479,14.5518895,2,0
480,14.58226922,2,4.427243364
481,14.61264895,2,1.430422444
482,14.64302868,2,0.592500376
483,14.67340841,2,0
484,14.70378813,2,0
485,14.73416786,2,3.974613353
486,14.76454759,2,1.430422444
487,14.79492732,2,0.592500376
488,14.82530705,2,0
489,14.85568677,2,0
490,14.8860665,2,4.567113729
491,14.91644623,2,1.777501128
492,14.94682596,2,0.592500376
493,14.97720568,2,1.430422444
494,15.00758541,2,0.592500376
495,15.03796514,2,17.53973944
496,15.06834487,2,2.649742235
497,15.09872459,2,0.837922068
498,15.12910432,2,1.185000752
499,15.15948405,2,0.592500376
500,15.18986378,2,8.374877276
501,15.2202435,2,3.461161604
502,15.25062323,2,1.185000752
503,15.28100296,2,0.592500376
504,15.31138269,2,0
505,15.34176241,2,6.283793119
506,15.37214214,2,3.198521821
507,15.40252187,2,0.592500376
508,15.4329016,2,0
509,15.46328132,2,0
510,15.49366105,2,8.379220676
511,15.52404078,2,3.102372246
512,15.55442051,2,1.185000752
513,15.58480023,2,0
514,15.61517996,2,0
515,15.64555969,2,4.346042097
516,15.67593942,2,1.777501128
517,15.70631914,2,0.592500376
518,15.73669887,2,0.837922068
519,15.7670786,2,0.592500376
520,15.79745833,2,1.185000752
521,15.82783805,2,1.185000752
522,15.85821778,2,0
523,15.88859751,2,0
524,15.91897724,2,0
525,15.94935696,2,3.800423948
526,15.97973669,2,1.185000752
527,16.01011642,2,0.837922068
528,16.04049615,2,0
529,16.07087587,2,0.592500376
530,16.1012556,2,11.28215195
531,16.13163533,2,4.147502633
532,16.16201506,2,1.185000752
533,16.19239479,2,1.185000752
534,16.22277451,2,0
535,16.25315424,2,4.196539463
536,16.28353397,2,1.185000752
537,16.3139137,2,0.837922068
538,16.34429342,2,0
539,16.37467315,2,0.592500376
540,16.40505288,2,6.046980721
541,16.43543261,2,2.370001504
542,16.46581233,2,0.592500376
543,16.49619206,2,0.837922068
544,16.52657179,2,0
545,16.55695152,2,7.110004513
546,16.58733124,2,2.96250188
547,16.61771097,2,1.185000752
548,16.6480907,2,1.185000752
549,16.67847043,2,0.592500376
550,16.70885015,2,1.430422444
551,16.73922988,2,0.592500376
552,16.76960961,2,0
553,16.79998934,2,0
554,16.83036906,2,0
555,16.86074879,2,3.555002257
556,16.89112852,2,0.592500376
557,16.92150825,2,1.185000752
558,16.95188797,2,0
559,16.9822677,2,0
560,17.01264743,2,1.185000752
561,17.04302716,2,0
562,17.07340688,2,0.592500376
563,17.10378661,2,0
564,17.13416634,2,0
565,17.16454607,2,1.185000752
566,17.19492579,2,0
567,17.22530552,2,0
568,17.25568525,2,0.592500376
569,17.28606498,2,0
570,17.3164447,2,1.430422444
571,17.34682443,2,0
572,17.37720416,2,0
573,17.40758389,2,0.592500376
574,17.43796361,2,0
575,17.46834334,2,0.837922068
576,17.49872307,2,0
577,17.5291028,2,0
578,17.55948252,2,0.592500376
579,17.58986225,2,0
580,17.62024198,2,4.740003009
581,17.65062171,2,1.185000752
582,17.68100144,2,0.837922068
583,17.71138116,2,0
584,17.74176089,2,0.592500376
585,17.77214062,2,4.740003009
586,17.80252035,2,1.185000752
587,17.83290007,2,0.592500376
588,17.8632798,2,1.185000752
589,17.89365953,2,0
590,17.92403926,2,3.555002257
591,17.95441898,2,1.777501128
592,17.98479871,2,1.185000752
593,18.01517844,2,0
594,18.04555817,2,0
595,18.07593789,2,4.147502633
596,18.10631762,2,1.185000752
597,18.13669735,2,0.837922068
598,18.16707708,2,0
599,18.1974568,2,0
600,18.22783653,2,0.592500376
601,18.25821626,2,0
602,18.28859599,2,0.592500376
603,18.31897571,2,0
604,18.34935544,2,0
605,18.37973517,2,1.185000752
606,18.4101149,2,0
607,18.44049462,2,0.592500376
608,18.47087435,2,0.592500376
609,18.50125408,2,0.592500376
610,18.53163381,2,1.430422444
611,18.56201353,2,0
612,18.59239326,2,1.185000752
613,18.62277299,2,0
614,18.65315272,2,0.592500376
615,18.68353244,2,1.185000752
616,18.71391217,2,0
617,18.7442919,2,1.185000752
618,18.77467163,2,0
619,18.80505135,2,0
620,18.83543108,2,0.592500376
621,18.86581081,2,0
622,18.89619054,2,0.592500376
623,18.92657026,2,0
624,18.95694999,2,0
625,18.98732972,2,0
626,19.01770945,2,0
627,19.04808917,2,0
628,19.0784689,2,0
629,19.10884863,2,0
630,19.13922836,2,0
631,19.16960809,2,0
632,19.19998781,2,0.592500376
633,19.23036754,2,0
634,19.26074727,2,0
635,19.291127,2,0.592500376
636,19.32150672,2,0
637,19.35188645,2,0
638,19.38226618,2,0.592500376
639,19.41264591,2,0
640,19.44302563,2,1.777501128
641,19.47340536,2,0.592500376
642,19.50378509,2,0
643,19.53416482,2,1.185000752
644,19.56454454,2,0
645,19.59492427,2,0.592500376
646,19.625304,2,0.592500376
647,19.65568373,2,0
648,19.68606345,2,0
649,19.71644318,2,0
650,19.74682291,2,0.592500376
651,19.77720264,2,0
652,19.80758236,2,0.592500376
653,19.83796209,2,0
654,19.86834182,2,0
655,19.89872155,2,1.185000752
656,19.92910127,2,0
657,19.959481,2,0
658,19.98986073,2,0
659,20.02024046,2,0
660,20.05062018,2,1.185000752
661,20.08099991,2,0
662,20.11137964,2,0
663,20.14175937,2,0.592500376
664,20.17213909,2,0
665,20.20251882,2,1.185000752
666,20.23289855,2,0
667,20.26327828,3,0.837922068
668,20.293658,3,0.953614962
669,20.32403773,3,0.395000251
670,20.35441746,3,1.975001254
671,20.38479719,3,1.185000752
672,20.41517691,3,1.580001003
673,20.44555664,3,0.953614962
674,20.47593637,3,0.790000501
675,20.5063161,3,0.790000501
676,20.53669582,3,0.790000501
677,20.56707555,3,0.790000501
678,20.59745528,3,0.558614712
679,20.62783501,3,0.395000251
680,20.65821474,3,20.78166856
681,20.68859446,3,0.395000251
682,20.71897419,3,0.790000501
683,20.74935392,3,0
684,20.77973365,3,0
685,20.81011337,3,1.975001254
686,20.8404931,3,0.790000501
687,20.87087283,3,1.185000752
688,20.90125256,3,1.580001003
689,20.93163228,3,0.790000501
690,20.96201201,3,2.813628508
691,20.99239174,3,1.185000752
692,21.02277147,4,1.185000752
693,21.05315119,4,0.888750564
694,21.08353092,4,0.662435559
695,21.11391065,4,2.488011474
696,21.14429038,4,1.185000752
697,21.1746701,4,1.23307554
698,21.20504983,4,1.185000752
699,21.23542956,4,0.888750564
700,21.26580929,4,2.196462162
701,21.29618901,4,1.185000752
702,21.32656874,4,1.254935935
703,21.35694847,4,1.23307554
704,21.3873282,4,0.936825351
705,21.41770792,4,0.888750564
706,21.44808765,4,1.777501128
707,21.47846738,4,1.185000752
708,21.50884711,4,0.888750564
709,21.53922683,4,0.936825351
710,21.56960656,4,0.888750564
711,21.59998629,4,0.936825351
712,21.63036602,4,1.529325728
713,21.66074574,4,1.185000752
714,21.69112547,4,0.592500376
715,21.7215052,3,0.395000251
716,21.75188493,3,0
717,21.78226465,5,0
718,21.81264438,5,0.23700015
719,21.84302411,5,0.474000301
720,21.87340384,5,0.23700015
721,21.90378356,5,0
722,21.93416329,5,0
723,21.96454302,5,0
724,21.99492275,5,0.23700015
725,22.02530247,5,2.698285772
726,22.0556822,5,0.572168977
727,22.08606193,5,0
728,22.11644166,5,0.474000301
729,22.14682139,5,0
730,22.17720111,5,2.485013263
731,22.20758084,5,1.003948748
732,22.23796057,5,0.335168827
733,22.2683403,5,0.711000451
734,22.29872002,5,0.23700015
735,22.32909975,5,4.596534886
736,22.35947948,5,1.460460733
737,22.38985921,5,0.907337805
738,22.42023893,5,0.23700015
739,22.45061866,5,0
740,22.48099839,5,9.345620721
741,22.51137812,5,2.408461334
742,22.54175784,5,0.711000451
743,22.57213757,5,0.572168977
744,22.6025173,5,0.23700015
745,22.63289703,5,2.171461184
746,22.66327675,5,1.520169579
747,22.69365648,5,0.809169128
748,22.72403621,5,0.572168977
749,22.75441594,5,0.23700015
750,22.78479566,5,3.256090292
751,22.81517539,5,1.422000903
752,22.84555512,5,0.809169128
753,22.87593485,5,0.474000301
754,22.90631457,5,0.572168977
755,22.9366943,5,5.644100163
756,22.96707403,5,0.948000602
757,22.99745376,5,1.046169278
758,23.02783348,5,0.474000301
759,23.05821321,5,0.23700015
760,23.08859294,5,1.697460883
761,23.11897267,5,1.046169278
762,23.14935239,5,0.809169128
763,23.17973212,5,0.23700015
764,23.21011185,5,0
765,23.24049158,4,5.31275988
766,23.2708713,4,1.254935935
767,23.30125103,4,1.553133289
768,23.33163076,4,0
769,23.36201049,4,0.592500376
770,23.39239021,4,4.509557435
771,23.42276994,4,1.777501128
772,23.45314967,4,1.01146141
773,23.4835294,4,0.296250188
774,23.51390912,4,0
775,23.54428885,3,4.926496829
776,23.57466858,3,1.348615213
777,23.60504831,4,1.348615213
778,23.63542804,4,0.592500376
779,23.66580776,4,0.296250188
780,23.69618749,4,5.097766194
781,23.72656722,4,1.777501128
782,23.75694695,4,0.592500376
783,23.78732667,4,0.296250188
784,23.8177064,4,0
785,23.84808613,4,6.044234101
786,23.87846586,4,1.517721005
787,23.90884558,4,1.430422444
788,23.93922531,4,0.296250188
789,23.96960504,4,0
790,23.99998477,4,6.613511555
791,24.03036449,4,2.39451992
792,24.06074422,4,0.958685747
793,24.09112395,4,0.296250188
794,24.12150368,4,0
795,24.1518834,4,2.762401267
796,24.18226313,4,1.01146141
797,24.21264286,4,0.715211222
798,24.24302259,4,0.296250188
799,24.27340231,4,0.296250188
800,24.30378204,4,4.622268494
801,24.33416177,4,1.813971193
802,24.3645415,4,0.592500376
803,24.39492122,4,0.715211222
804,24.42530095,4,0
805,24.45568068,4,2.018221944
806,24.48606041,4,0.888750564
807,24.51644013,4,0.592500376
808,24.54681986,4,0.418961034
809,24.57719959,4,0.418961034
810,24.60757932,3,2.463248415
811,24.63795904,3,1.348615213
812,24.66833877,3,1.117229423
813,24.6987185,3,0.953614962
814,24.72909823,3,0.395000251
815,24.75947795,3,18.05306587
816,24.78985768,3,1.580001003
817,24.82023741,4,0.790000501
818,24.85061714,4,0.296250188
819,24.88099686,4,0.592500376
820,24.91137659,4,10.5681057
821,24.94175632,4,4.196539463
822,24.97213605,5,1.777501128
823,25.00251577,5,0.335168827
824,25.0328955,5,0.23700015
825,25.06327523,5,3.422848022
826,25.09365496,5,1.395065721
827,25.12403469,5,0.948000602
828,25.15441441,5,0.986460432
829,25.18479414,5,0.529948447
830,25.21517387,5,5.854879932
831,25.2455536,5,2.088577856
832,25.27593332,5,0.766948597
833,25.30631305,5,0.749460281
834,25.33669278,5,0.711000451
835,25.36707251,5,2.618526303
836,25.39745223,5,1.339117575
837,25.42783196,5,0.749460281
838,25.45821169,5,0.986460432
839,25.48859142,5,0.529948447
840,25.51897114,5,2.03262971
841,25.54935087,5,0.948000602
842,25.5797306,5,0.766948597
843,25.61011033,5,0.749460281
844,25.64049005,5,0.749460281
845,25.67086978,5,2.799578307
846,25.70124951,5,1.477949049
847,25.73162924,5,1.223460582
848,25.76200896,5,0.948000602
849,25.79238869,5,0.766948597
850,25.82276842,5,1.460460733
851,25.85314815,5,0.986460432
852,25.88352787,5,1.003948748
853,25.9139076,5,0.749460281
854,25.94428733,5,1.460460733
855,25.97466706,4,1.185000752
856,26.00504678,4,0.296250188
857,26.03542651,4,0.296250188
858,26.06580624,4,0.296250188
859,26.09618597,4,0.592500376
860,26.12656569,4,5.451929016
861,26.15694542,4,2.02292282
862,26.18732515,4,1.01146141
863,26.21770488,4,0.296250188
864,26.2480846,4,0
865,26.27846433,4,3.277195938
866,26.30884406,4,1.134172256
867,26.33922379,5,0.888750564
868,26.36960351,5,0.711000451
869,26.39998324,5,0.474000301
870,26.43036297,5,6.772632719
871,26.4607427,5,0.809169128
872,26.49112242,5,0.711000451
873,26.52150215,5,0.711000451
874,26.55188188,5,0
875,26.58226161,4,1.777501128
876,26.61264134,4,0.296250188
877,26.64302106,4,0.888750564
878,26.67340079,4,0.418961034
879,26.70378052,4,0
880,26.73416025,4,4.283651688
881,26.76453997,4,2.232932227
882,26.7949197,5,0.888750564
883,26.82529943,5,0.23700015
884,26.85567916,5,0.23700015
885,26.88605888,5,3.274549035
886,26.91643861,5,1.185000752
887,26.94681834,5,0
888,26.97719807,5,0.23700015
889,27.00757779,5,0.572168977
890,27.03795752,5,5.428783027
891,27.06833725,5,0.711000451
892,27.09871698,5,0.23700015
893,27.1290967,5,0.474000301
894,27.15947643,5,0.23700015
895,27.18985616,5,3.356461936
896,27.22023589,5,1.75716973
897,27.25061561,5,0.711000451
898,27.28099534,5,0.474000301
899,27.31137507,5,0.572168977
900,27.3417548,5,2.6141085
901,27.37213452,5,1.223460582
902,27.40251425,5,0.474000301
903,27.43289398,5,0.474000301
904,27.46327371,5,0.572168977
905,27.49365343,5,4.53985506
906,27.52403316,5,2.43638759
907,27.55441289,5,1.003948748
908,27.58479262,5,0.23700015
909,27.61517234,5,0.474000301
910,27.64555207,5,1.520169579
911,27.6759318,5,0.474000301
912,27.70631153,5,0.23700015
913,27.73669125,5,0.711000451
914,27.76707098,5,0.23700015
915,27.79745071,4,1.621121306
916,27.82783044,4,0.592500376
917,27.85821016,4,0.592500376
918,27.88858989,4,0
919,27.91896962,4,0
920,27.94934935,4,2.399336054
921,27.97972908,4,0.958685747
922,28.0101088,4,0
923,28.04048853,4,0.592500376
924,28.07086826,4,0.296250188
925,28.10124799,3,3.192693226
926,28.13162771,3,1.743615464
927,28.16200744,3,0.790000501
928,28.19238717,3,0
929,28.2227669,3,0
930,28.25314662,3,2.023628007
931,28.28352635,3,1.673247913
932,28.31390608,3,0.395000251
933,28.34428581,3,0.395000251
934,28.37466553,3,0
935,28.40504526,3,10.47355068
936,28.43542499,3,4.818228474
937,28.46580472,4,1.185000752
938,28.49618444,4,0.958685747
939,28.52656417,4,0
940,28.5569439,4,4.846176472
941,28.58732363,4,1.487106277
942,28.61770335,5,1.01146141
943,28.64808308,5,0.335168827
944,28.67846281,5,0
945,28.70884254,5,2.329338707
946,28.73922226,5,0.766948597
947,28.76960199,5,0.809169128
948,28.79998172,5,0.23700015
949,28.83036145,5,0.670337654
950,28.86074117,5,1.714949199
951,28.8911209,5,0.766948597
952,28.92150063,5,1.144337955
953,28.95188036,5,0.572168977
954,28.98226008,5,1.003948748
955,29.01263981,5,4.041659735
956,29.04301954,5,1.144337955
957,29.07339927,5,1.003948748
958,29.10377899,5,0.529948447
959,29.13415872,5,0.529948447
960,29.16453845,5,2.888463206
961,29.19491818,5,1.814675609
962,29.2252979,5,0.766948597
963,29.25567763,5,0.766948597
964,29.28605736,5,0.766948597
965,29.31643709,5,3.846555428
966,29.34681681,5,2.115806196
967,29.37719654,5,1.477949049
968,29.40757627,5,1.003948748
969,29.437956,5,0.572168977
970,29.46833573,5,5.466288809
971,29.49871545,5,2.662949801
972,29.52909518,5,1.437286252
973,29.55947491,5,1.144337955
974,29.58985464,5,0.572168977
975,29.62023436,4,7.075328631
976,29.65061409,4,3.168195334
977,29.68099382,4,1.529325728
978,29.71137355,4,0.592500376
979,29.74175327,4,0.296250188
980,29.772133,4,4.328051773
981,29.80251273,4,1.01146141
982,29.83289246,4,0.592500376
983,29.86327218,4,0
984,29.89365191,4,0
985,29.92403164,4,4.210041803
986,29.95441137,4,2.202317499
987,29.98479109,4,1.430422444
988,30.01517082,4,0
989,30.04555055,4,0.296250188
990,30.07593028,4,2.232932227
991,30.10631,4,1.307711598
992,30.13668973,4,0.296250188
993,30.16706946,4,0.418961034
994,30.19744919,4,0.296250188
995,30.22782891,4,2.540787137
996,30.25820864,4,0.715211222
997,30.28858837,4,0.888750564
998,30.3189681,4,0.296250188
999,30.34934782,4,0.296250188
1000,30.37972755,4,2.546341935
1001,30.41010728,4,0.888750564
1002,30.44048701,4,1.01146141
1003,30.47086673,4,0
1004,30.50124646,4,0
1005,30.53162619,4,1.307711598
1006,30.56200592,4,0.715211222
1007,30.59238564,4,0.715211222
1008,30.62276537,4,0.296250188
1009,30.6531451,4,0
1010,30.68352483,4,17.14464023
1011,30.71390455,4,1.900211974
1012,30.74428428,4,0.592500376
1013,30.77466401,4,0.296250188
1014,30.80504374,4,0.296250188
1015,30.83542346,4,2.858897721
1016,30.86580319,4,1.01146141
1017,30.89618292,5,0.592500376
1018,30.92656265,5,0
1019,30.95694238,5,0
1020,30.9873221,5,2.442792733
1021,31.01770183,5,0.948000602
1022,31.04808156,5,0.474000301
1023,31.07846129,5,0.23700015
1024,31.10884101,5,0.23700015
1025,31.13922074,5,0.572168977
1026,31.16960047,5,0.711000451
1027,31.1999802,5,0.474000301
1028,31.23035992,5,0.23700015
1029,31.26073965,5,0
1030,31.29111938,5,1.214176804
1031,31.32149911,5,0.948000602
1032,31.35187883,5,0.23700015
1033,31.38225856,5,0
1034,31.41263829,5,0
1035,31.44301802,5,0.948000602
1036,31.47339774,5,0
1037,31.50377747,5,0.474000301
1038,31.5341572,5,0.23700015
1039,31.56453693,5,0
1040,31.59491665,5,0.907337805
1041,31.62529638,5,0.23700015
1042,31.65567611,5,0
1043,31.68605584,5,0.23700015
1044,31.71643556,5,0.335168827
1045,31.74681529,5,4.321950854
1046,31.77719502,5,0.711000451
1047,31.80757475,5,0.711000451
1048,31.83795447,5,0
1049,31.8683342,5,0
1050,31.89871393,4,4.604677039
1051,31.92909366,4,1.777501128
1052,31.95947338,4,0.592500376
1053,31.98985311,4,0.888750564
1054,32.02023284,4,0
1055,32.05061257,4,8.473004145
1056,32.08099229,4,1.948286761
1057,32.11137202,4,1.134172256
1058,32.14175175,4,0.296250188
1059,32.17213148,4,0
1060,32.2025112,4,4.709903363
1061,32.23289093,4,1.948286761
1062,32.26327066,4,1.01146141
1063,32.29365039,4,0.715211222
1064,32.32403011,4,0.715211222
1065,32.35440984,4,8.954543745
1066,32.38478957,4,1.900211974
1067,32.4151693,5,1.307711598
1068,32.44554903,5,0.474000301
1069,32.47592875,5,0
1070,32.50630848,5,8.68704568
1071,32.53668821,5,3.337971725
1072,32.56706794,5,1.479506782
1073,32.59744766,5,0.474000301
1074,32.62782739,5,0.23700015
1075,32.65820712,5,5.968771821
1076,32.68858685,5,2.955898098
1077,32.71896657,5,0.948000602
1078,32.7493463,5,1.046169278
1079,32.77972603,5,0.670337654
1080,32.81010576,5,7.041172302
1081,32.84048548,5,3.177566036
1082,32.87086521,5,1.242506632
1083,32.90124494,5,1.339117575
1084,32.93162467,5,0.809169128
1085,32.96200439,5,12.33302613
1086,32.99238412,5,2.818624357
1087,33.02276385,5,1.340675308
1088,33.05314358,5,0.474000301
1089,33.0835233,5,0.23700015
1090,33.11390303,5,7.159724725
1091,33.14428276,5,3.610305169
1092,33.17466249,5,1.558629409
1093,33.20504221,5,0.948000602
1094,33.23542194,5,1.240948898
1095,33.26580167,5,4.172518301
1096,33.2961814,5,1.659001053
1097,33.32656112,5,1.381338105
1098,33.35694085,5,1.283169429
1099,33.38732058,5,0.711000451
1100,33.41770031,4,8.13174963
1101,33.44808003,4,1.777501128
1102,33.47845976,4,0.715211222
1103,33.50883949,4,0.715211222
1104,33.53921922,4,0.418961034
1105,33.56959894,4,3.549494838
1106,33.59997867,4,1.551186123
1107,33.6303584,4,1.01146141
1108,33.66073813,4,1.01146141
1109,33.69111785,4,0.418961034
1110,33.72149758,4,17.51116523
1111,33.75187731,4,1.777501128
1112,33.78225704,4,0.592500376
1113,33.81263676,4,0
1114,33.84301649,4,0.592500376
1115,33.87339622,4,7.464024584
1116,33.90377595,4,3.738701582
1117,33.93415568,4,1.777501128
1118,33.9645354,4,0.296250188
1119,33.99491513,4,0
1120,34.02529486,4,7.097003018
1121,34.05567459,4,2.466151079
1122,34.08605431,4,0.958685747
1123,34.11643404,4,0.296250188
1124,34.14681377,4,0.296250188
1125,34.1771935,4,2.02292282
1126,34.20757322,4,0.888750564
1127,34.23795295,4,0.592500376
1128,34.26833268,4,0.296250188
1129,34.29871241,4,0.296250188
1130,34.32909213,4,2.418076292
1131,34.35947186,4,1.307711598
1132,34.38985159,4,1.307711598
1133,34.42023132,4,0.592500376
1134,34.45061104,4,0.296250188
1135,34.48099077,4,3.076607027
1136,34.5113705,4,1.254935935
1137,34.54175023,4,1.01146141
1138,34.57212995,4,0
1139,34.60250968,4,0.296250188
1140,34.63288941,4,2.232932227
1141,34.66326914,4,1.01146141
1142,34.69364886,4,0.592500376
1143,34.72402859,4,0.296250188
1144,34.75440832,4,0.592500376
1145,34.78478805,4,7.499356342
1146,34.81516777,4,2.813480953
1147,34.8455475,4,1.185000752
1148,34.87592723,4,1.134172256
1149,34.90630696,4,0.296250188
1150,34.93668668,4,2.579807053
1151,34.96706641,4,1.825575916
1152,34.99744614,4,1.01146141
1153,35.02782587,4,0.296250188
1154,35.05820559,4,0.296250188
1155,35.08858532,3,2.951495576
1156,35.11896505,3,1.185000752
1157,35.14934478,3,1.185000752
1158,35.1797245,3,0
1159,35.21010423,3,0
1160,35.24048396,3,5.152920873
1161,35.27086369,3,2.765001755
1162,35.30124341,4,0.790000501
1163,35.33162314,4,0.296250188
1164,35.36200287,4,0
1165,35.3923826,4,1.883906376
1166,35.42276233,4,0.592500376
1167,35.45314205,4,0.888750564
1168,35.48352178,4,0
1169,35.51390151,4,0
1170,35.54428124,4,3.399906784
1171,35.57466096,4,1.529325728
1172,35.60504069,4,0.888750564
1173,35.63542042,4,0
1174,35.66580015,4,0
1175,35.69617987,4,1.956895808
1176,35.7265596,4,1.185000752
1177,35.75693933,4,0.888750564
1178,35.78731906,4,0
1179,35.81769878,4,0.296250188
1180,35.84807851,4,1.256883101
1181,35.87845824,4,1.01146141
1182,35.90883797,4,0.296250188
1183,35.93921769,4,0
1184,35.96959742,4,0.592500376
1185,35.99997715,4,5.369391124
1186,36.03035688,4,1.185000752
1187,36.0607366,4,0.592500376
1188,36.09111633,4,0.296250188
1189,36.12149606,4,0
1190,36.15187579,4,3.442792398
1191,36.18225551,4,0.888750564
1192,36.21263524,4,0.592500376
1193,36.24301497,4,0.296250188
1194,36.2733947,4,0.296250188
1195,36.30377442,4,2.488011474
1196,36.33415415,4,0.888750564
1197,36.36453388,4,0.592500376
1198,36.39491361,4,0.418961034
1199,36.42529333,4,0
1200,36.45567306,4,3.402516767
1201,36.48605279,4,0.888750564
1202,36.51643252,5,1.134172256
1203,36.54681224,5,0.23700015
1204,36.57719197,5,0.23700015
1205,36.6075717,5,9.060044843
1206,36.63795143,5,2.485013263
1207,36.66833115,5,0.711000451
1208,36.69871088,5,0.23700015
1209,36.72909061,5,0.23700015
1210,36.75947034,5,6.181719754
1211,36.78985006,5,2.581093953
1212,36.82022979,5,1.185000752
1213,36.85060952,5,0.474000301
1214,36.88098925,5,0.474000301
1215,36.91136898,5,0.711000451
1216,36.9417487,5,0.711000451
1217,36.97212843,6,0.809169128
1218,37.00250816,6,0.279307356
1219,37.03288789,6,0
1220,37.06326761,6,0.918431187
1221,37.09364734,6,0.395000251
1222,37.12402707,6,0.592500376
1223,37.1544068,6,0.197500125
1224,37.18478652,6,0
1225,37.21516625,6,1.989037155
1226,37.24554598,6,0.756114837
1227,37.27592571,6,0.592500376
1228,37.30630543,6,0.395000251
1229,37.33668516,6,0.395000251
1230,37.36706489,6,18.63696021
1231,37.39744462,6,0.720931062
1232,37.42782434,6,0.592500376
1233,37.45820407,6,0
1234,37.4885838,6,0
1235,37.51896353,5,1.437286252
1236,37.54934325,5,0.766948597
1237,37.57972298,5,1.091516345
1238,37.61010271,5,0.529948447
1239,37.64048244,5,0.670337654
1240,37.67086216,5,1.381338105
1241,37.70124189,5,0.766948597
1242,37.73162162,5,0.907337805
1243,37.76200135,5,0.529948447
1244,37.79238107,5,0.854516195
1245,37.8227608,5,1.144337955
1246,37.85314053,5,0.907337805
1247,37.88352026,5,1.003948748
1248,37.91389998,5,0.907337805
1249,37.94427971,5,0.907337805
1250,37.97465944,4,2.213621682
1251,38.00503917,4,1.660645619
1252,38.03541889,4,0.958685747
1253,38.06579862,4,0.837922068
1254,38.09617835,5,1.134172256
1255,38.12655808,5,1.395065721
1256,38.1569378,5,1.144337955
1257,38.18731753,5,1.240948898
1258,38.21769726,5,1.621464792
1259,38.24807699,5,1.460460733
1260,38.27845672,5,2.664507534
1261,38.30883644,5,1.714949199
1262,38.33921617,5,1.479506782
1263,38.3695959,5,1.618338256
1264,38.39997563,5,1.296897045
1265,38.43035535,4,1.551186123
1266,38.46073508,4,0.958685747
1267,38.49111481,4,0.592500376
1268,38.52149454,4,0.662435559
1269,38.55187426,4,0.592500376
1270,38.58225399,4,1.430422444
1271,38.61263372,4,1.307711598
1272,38.64301345,4,1.185000752
1273,38.67339317,4,0.662435559
1274,38.7037729,4,0.662435559
1275,38.73415263,4,2.143686499
1276,38.76453236,4,0.888750564
1277,38.79491208,4,1.377646781
1278,38.82529181,4,0.888750564
1279,38.85567154,4,0.662435559
1280,38.88605127,3,2.559091547
1281,38.91643099,3,0.558614712
1282,38.94681072,3,0.395000251
1283,38.97719045,3,0.395000251
1284,39.00757018,3,0.395000251
1285,39.0379499,4,0.953614962
1286,39.06832963,4,0.888750564
1287,39.09870936,4,0.592500376
1288,39.12908909,4,0
1289,39.15946881,4,0
1290,39.18984854,4,2.40626771
1291,39.22022827,4,0.958685747
1292,39.250608,4,0.715211222
1293,39.28098772,4,0.715211222
1294,39.31136745,4,0.296250188
1295,39.34174718,4,3.158152856
1296,39.37212691,4,1.307711598
1297,39.40250663,4,0
1298,39.43288636,4,0.592500376
1299,39.46326609,4,0
1300,39.49364582,4,2.266397345
1301,39.52402554,4,1.185000752
1302,39.55440527,4,0.592500376
1303,39.584785,4,0.888750564
1304,39.61516473,4,0.296250188
1305,39.64554445,4,2.40626771
1306,39.67592418,4,0.888750564
1307,39.70630391,4,0.592500376
1308,39.73668364,4,0.888750564
1309,39.76706337,4,0.296250188
1310,39.79744309,4,1.621121306
1311,39.82782282,4,1.134172256
1312,39.85820255,4,0.592500376
1313,39.88858228,4,0.296250188
1314,39.918962,4,0.296250188
1315,39.94934173,4,1.847436311
1316,39.97972146,4,1.307711598
1317,40.01010119,5,1.01146141
1318,40.04048091,5,0.474000301
1319,40.07086064,5,0.23700015
1320,40.10124037,5,0.809169128
1321,40.1316201,5,0.474000301
1322,40.16199982,5,0.335168827
1323,40.19237955,5,0.474000301
1324,40.22275928,5,0.474000301
1325,40.25313901,5,1.102117425
1326,40.28351873,5,0.572168977
1327,40.31389846,5,1.144337955
1328,40.34427819,5,0.572168977
1329,40.37465792,5,0.23700015
1330,40.40503764,5,2.481897797
1331,40.43541737,5,1.003948748
1332,40.4657971,5,1.046169278
1333,40.49617683,5,0.809169128
1334,40.52655655,5,0.335168827
1335,40.55693628,4,2.850292022
1336,40.58731601,4,1.185000752
1337,40.61769574,5,0.296250188
1338,40.64807546,5,0.474000301
1339,40.67845519,5,0.23700015
1340,40.70883492,5,2.916321956
1341,40.73921465,5,1.240948898
1342,40.76959437,5,0.474000301
1343,40.7999741,5,0.711000451
1344,40.83035383,5,0.23700015
1345,40.86073356,5,3.288863957
1346,40.89111328,5,1.283169429
1347,40.92149301,6,1.046169278
1348,40.95187274,6,0
1349,40.98225247,6,0.197500125
1350,41.01263219,5,2.814863656
1351,41.04301192,5,1.674286402
1352,41.07339165,5,0.948000602
1353,41.10377138,5,0.474000301
1354,41.1341511,5,0.23700015
1355,41.16453083,5,1.091516345
1356,41.19491056,5,1.046169278
1357,41.22529029,5,0.474000301
1358,41.25567002,5,1.046169278
1359,41.28604974,5,0.23700015
1360,41.31642947,5,6.69503394
1361,41.3468092,5,1.422000903
1362,41.37718893,5,0.711000451
1363,41.40756865,5,0.474000301
1364,41.43794838,5,0.23700015
1365,41.46832811,5,2.730585683
1366,41.49870784,5,1.046169278
1367,41.52908756,5,1.185000752
1368,41.55946729,5,0.948000602
1369,41.58984702,5,0.474000301
1370,41.62022675,5,34.72722497
1371,41.65060647,5,2.097022826
1372,41.6809862,6,1.283169429
1373,41.71136593,6,0.395000251
1374,41.74174566,6,0
1375,41.77212538,6,1.905931814
1376,41.80250511,6,1.151115088
1377,41.83288484,6,0.674307607
1378,41.86326457,6,0.197500125
1379,41.89364429,6,0.395000251
1380,41.92402402,5,2.757357777
1381,41.95440375,5,0.572168977
1382,41.98478348,6,0.474000301
1383,42.0151632,6,0
1384,42.04554293,6,0.197500125
1385,42.07592266,6,2.79208189
1386,42.10630239,6,1.019550485
1387,42.13668211,6,0.395000251
1388,42.16706184,6,0.197500125
1389,42.19744157,6,0.592500376
1390,42.2278213,6,2.456962095
1391,42.25820102,6,1.599557369
1392,42.28858075,6,0.197500125
1393,42.31896048,6,0
1394,42.34934021,6,0
1395,42.37971993,6,29.9720921
1396,42.41009966,6,6.506757933
1397,42.44047939,6,2.211614112
1398,42.47085912,6,1.080747537
1399,42.50123884,6,0.197500125
1400,42.53161857,6,18.47894315
1401,42.5619983,6,7.350902736
1402,42.59237803,6,3.073775848
1403,42.62275775,6,1.699597456
1404,42.65313748,6,0.90385759
1405,42.68351721,6,3.694872622
1406,42.71389694,6,1.809550987
1407,42.74427667,7,1.10709708
1408,42.77465639,7,0.926355032
1409,42.80503612,7,0.873900416
1410,42.83541585,7,3.48822768
1411,42.86579558,7,2.181476267
1412,42.8961753,7,1.113306721
1413,42.92655503,7,1.019060837
1414,42.95693476,7,0.704614594
1415,42.98731449,7,1.456797819
1416,43.01769421,7,1.165761337
1417,43.04807394,7,0.704614594
1418,43.07845367,7,0.948940354
1419,43.1088334,7,0.75706921
1420,43.13921312,7,1.551043703
1421,43.16959285,7,1.357632481
1422,43.19997258,7,1.036554967
1423,43.23035231,7,1.118226176
1424,43.26073203,7,0.535328772
1425,43.29111176,7,17.55801197
1426,43.32149149,7,1.01571493
1427,43.35187122,7,0.338571643
1428,43.38225094,7,0.507857465
1429,43.41263067,7,0
1430,43.4430104,7,0.937389629
1431,43.47339013,7,0.648098432
1432,43.50376985,7,0.677143287
1433,43.53414958,7,0.577977949
1434,43.56452931,7,0.169285822
1435,43.59490904,7,1.224963714
1436,43.62528876,7,0.577977949
1437,43.65566849,7,0.648098432
1438,43.68604822,7,0.169285822
1439,43.71642795,7,0.338571643
1440,43.74680767,7,3.667154309
1441,43.7771874,7,1.776989224
1442,43.80756713,8,0.88639207
1443,43.83794686,8,0.592500376
1444,43.86832658,8,0.444375282
1445,43.89870631,8,2.272626667
1446,43.92908604,8,1.412716301
1447,43.95946577,9,0.148125094
1448,43.98984549,9,0.395000251
1449,44.02022522,9,0
1450,44.05060495,9,4.873792864
1451,44.08098468,9,1.634539157
1452,44.1113644,9,1.316667502
1453,44.14174413,9,0.2633335
1454,44.17212386,9,0.395000251
1455,44.20250359,9,4.67136022
1456,44.23288332,9,1.848811126
1457,44.26326304,9,0.790000501
1458,44.29364277,9,0.449538404
1459,44.3240225,9,0.526667001
1460,44.35440223,7,6.167230713
1461,44.38478195,7,2.200715683
1462,44.41516168,7,1.185000752
1463,44.44554141,7,0.547820427
1464,44.47592114,7,0.169285822
1465,44.50630086,7,1.593692879
1466,44.53668059,7,0.873900416
1467,44.56706032,8,1.085835414
1468,44.59744005,8,0
1469,44.62781977,8,0.296250188
1470,44.6581995,7,15.29542863
1471,44.68857923,7,1.804054329
1472,44.71895896,7,0.648098432
1473,44.74933868,7,0.239406305
1474,44.77971841,7,0
1475,44.81009814,7,12.74123227
1476,44.84047787,7,4.589699777
1477,44.87085759,7,1.633655841
1478,44.90123732,7,1.01571493
1479,44.93161705,7,0
1480,44.96199678,6,3.307679487
1481,44.9923765,6,1.522371243
1482,45.02275623,6,1.475747788
1483,45.05313596,6,1.18890431
1484,45.08351569,6,1.26107085
1485,45.11389541,6,2.557793436
1486,45.14427514,6,1.468211666
1487,45.17465487,6,1.755055144
1488,45.2050346,6,1.557555018
1489,45.23541432,6,1.475747788
1490,45.26579405,5,2.817066624
1491,45.29617378,5,2.260182995
1492,45.32655351,5,1.869066022
1493,45.35693323,5,1.770897345
1494,45.38731296,5,1.632065872
1495,45.41769269,5,23.31260429
1496,45.44807242,5,3.683741631
1497,45.47845214,5,1.533897195
1498,45.50883187,5,1.632065872
1499,45.5392116,5,0.854516195
1500,45.56959133,5,21.84024351
1501,45.59997105,5,9.288507368
1502,45.63035078,5,3.481930468
1503,45.66073051,5,2.065403375
1504,45.69111024,5,1.059896894
1505,45.72148997,5,24.44859928
1506,45.75186969,5,9.659274638
1507,45.78224942,5,4.290243502
1508,45.81262915,5,2.151413239
1509,45.84300888,5,1.632065872
1510,45.8733886,4,2.196462162
1511,45.90376833,4,0.888750564
1512,45.93414806,4,0.296250188
1513,45.96452779,4,0.296250188
1514,45.99490751,4,0
1515,46.02528724,4,1.185000752
1516,46.05566697,4,0.592500376
1517,46.0860467,4,0
1518,46.11642642,4,0.418961034
1519,46.14680615,4,0.296250188
1520,46.17718588,4,0.888750564
1521,46.20756561,4,0.296250188
1522,46.23794533,5,0.296250188
1523,46.26832506,5,0
1524,46.29870479,5,0.23700015
1525,46.32908452,5,4.912138486
1526,46.35946424,5,1.981125401
1527,46.38984397,5,1.283169429
1528,46.4202237,5,0.711000451
1529,46.45060343,5,0.23700015
1530,46.48098315,5,7.942189911
1531,46.51136288,5,3.645494156
1532,46.54174261,5,1.813117876
1533,46.57212234,5,1.003948748
1534,46.60250206,5,1.283169429
1535,46.63288179,5,4.465895922
1536,46.66326152,5,2.406258367
1537,46.69364125,5,1.283169429
1538,46.72402097,5,0.907337805
1539,46.7544007,5,0.986460432
1540,46.78478043,5,1.422000903
1541,46.81516016,5,1.714949199
1542,46.84553988,5,1.003948748
1543,46.87591961,5,1.003948748
1544,46.90629934,5,0.809169128
1545,46.93667907,5,1.855338406
1546,46.96705879,5,1.576117725
1547,46.99743852,5,1.381338105
1548,47.02781825,5,1.240948898
1549,47.05819798,5,1.339117575
1550,47.0885777,5,1.046169278
1551,47.11895743,5,1.283169429
1552,47.14933716,5,1.437286252
1553,47.17971689,5,0.711000451
1554,47.21009662,5,1.200286101
1555,47.24047634,4,1.603961786
1556,47.27085607,4,1.377646781
1557,47.3012358,4,1.185000752
1558,47.33161553,4,1.377646781
1559,47.36199525,4,1.01146141
1560,47.39237498,3,39.71845841
1561,47.42275471,3,1.278247662
1562,47.45313444,3,0.395000251
1563,47.48351416,3,0.395000251
1564,47.51389389,3,0
1565,47.54427362,3,5.901988935
1566,47.57465335,3,1.580001003
1567,47.60503307,4,0.953614962
1568,47.6354128,4,0.418961034
1569,47.66579253,4,0.296250188
1570,47.69617226,4,4.443752821
1571,47.72655198,4,1.900211974
1572,47.75693171,4,0.888750564
1573,47.78731144,4,0
1574,47.81769117,4,0.296250188
1575,47.84807089,4,7.232126967
1576,47.87845062,4,3.03544201
1577,47.90883035,5,1.254935935
1578,47.93921008,5,0.23700015
1579,47.9695898,5,0
1580,47.99996953,5,4.371042237
1581,48.03034926,5,1.185000752
1582,48.06072899,5,0.907337805
1583,48.09110871,5,0.335168827
1584,48.12148844,5,0.23700015
1585,48.15186817,5,22.37079864
1586,48.1822479,5,1.912844286
1587,48.21262762,5,1.046169278
1588,48.24300735,5,0.335168827
1589,48.27338708,5,0.23700015
1590,48.30376681,5,9.34034919
1591,48.33414653,5,3.560358593
1592,48.36452626,5,1.618338256
1593,48.39490599,5,0.948000602
1594,48.42528572,5,0.23700015
1595,48.45566544,5,54.87582545
1596,48.48604517,5,4.76898628
1597,48.5164249,5,1.339117575
1598,48.54680463,5,0.948000602
1599,48.57718436,5,0.474000301
1600,48.60756408,5,10.4212321
1601,48.63794381,5,5.238498868
1602,48.66832354,5,3.611718596
1603,48.69870327,5,2.855822335
1604,48.72908299,5,2.857128091
1605,48.75946272,5,13.28671073
1606,48.78984245,5,6.268589001
1607,48.82022218,5,3.808507206
1608,48.8506019,5,2.816465294
1609,48.88098163,5,2.38312779
1610,48.91136136,4,20.42293934
1611,48.94174109,4,2.728790863
1612,48.97212081,4,1.430422444
1613,49.00250054,4,0.296250188
1614,49.03288027,4,0.296250188
1615,49.06326,3,18.24132354
1616,49.09363972,3,5.855916532
1617,49.12401945,5,2.070844386
1618,49.15439918,5,0.670337654
1619,49.18477891,5,0
1620,49.21515863,4,7.768253017
1621,49.24553836,4,2.845646372
1622,49.27591809,4,1.01146141
1623,49.30629782,4,0.592500376
1624,49.33667754,4,0
1625,49.36705727,4,7.092678023
1626,49.397437,4,2.666251692
1627,49.42781673,4,1.673896969
1628,49.45819645,4,0.662435559
1629,49.48857618,4,0.888750564
1630,49.51895591,4,9.137200855
1631,49.54933564,4,2.757240728
1632,49.57971536,4,0.837922068
1633,49.61009509,4,0.592500376
1634,49.64047482,4,0.296250188
1635,49.67085455,4,6.453151786
1636,49.70123427,4,2.564594699
1637,49.731614,4,1.254935935
1638,49.76199373,4,0.888750564
1639,49.79237346,4,0.888750564
1640,49.82275318,4,7.150277836
1641,49.85313291,4,2.98235653
1642,49.88351264,4,1.377646781
1643,49.91389237,4,0.592500376
1644,49.94427209,4,0.888750564
1645,49.97465182,4,30.92945431
1646,50.00503155,4,3.834742987
1647,50.03541128,4,1.660645619
1648,50.06579101,4,0.715211222
1649,50.09617073,4,0
1650,50.12655046,3,13.11678651
1651,50.15693019,3,5.507990901
1652,50.18730992,3,3.526343661
1653,50.21768964,3,2.370001504
1654,50.24806937,3,1.975001254
1655,50.2784491,2,11.41478894
1656,50.30882883,2,4.386353895
1657,50.33920855,2,1.917371494
1658,50.36958828,2,1.675844135
1659,50.39996801,2,0.592500376
1660,50.43034774,2,41.61685209
1661,50.46072746,2,8.278393586
1662,50.49110719,1,1.185000752
1663,50.52148692,1,1.675844135
1664,50.55186665,1,1.675844135
1665,50.58224637,1,9.771766535
1666,50.6126261,1,3.747301406
1667,50.64300583,1,1.185000752
1668,50.67338556,1,1.185000752
1669,50.70376528,1,0
1670,50.73414501,1,8.626935695
1671,50.76452474,1,3.747301406
1672,50.79490447,1,1.675844135
1673,50.82528419,1,1.185000752
1674,50.85566392,1,0
1675,50.88604365,1,7.494602812
1676,50.91642338,1,2.649742235
1677,50.9468031,1,0
1678,50.97718283,1,1.185000752
1679,51.00756256,1,0
1680,51.03794229,1,12.76284869
1681,51.06832201,1,4.885883268
1682,51.09870174,2,2.370001504
1683,51.12908147,3,0
1684,51.1594612,3,0.883247412
1685,51.18984092,3,3.208356947
1686,51.22022065,3,1.673247913
1687,51.25060038,3,0.953614962
1688,51.28098011,3,0.790000501
1689,51.31135983,3,0.558614712
1690,51.34173956,2,33.58499799
1691,51.37211929,2,4.968213302
1692,51.40249902,2,1.430422444
1693,51.43287874,2,0.592500376
1694,51.46325847,2,0
1695,51.4936382,2,39.10502482
1696,51.52401793,2,14.33025776
1697,51.55439766,2,5.577925076
1698,51.58477738,2,1.185000752
1699,51.61515711,2,0.592500376
1700,51.64553684,1,11.85000752
1701,51.67591657,1,4.272580973
1702,51.70629629,1,2.649742235
1703,51.73667602,1,0
1704,51.76705575,1,0
1705,51.79743548,1,13.81936476
1706,51.8278152,1,6.381424347
1707,51.85819493,2,2.370001504
1708,51.88857466,2,0.837922068
1709,51.91895439,2,0
1710,51.94933411,2,6.909682381
1711,51.97971384,2,2.96250188
1712,52.01009357,2,0.592500376
1713,52.0404733,2,0.837922068
1714,52.07085302,2,0.592500376
1715,52.10123275,2,8.231278289
1716,52.13161248,2,2.649742235
1717,52.16199221,2,1.675844135
1718,52.19237193,2,0
1719,52.22275166,2,0.837922068
1720,52.25313139,2,2.268344511
1721,52.28351112,2,2.136290487
1722,52.31389084,2,2.136290487
1723,52.34427057,2,1.873650703
1724,52.3746503,2,2.136290487
1725,52.40503003,2,2.728790863
1726,52.43540975,2,1.324871118
1727,52.46578948,2,2.136290487
1728,52.49616921,2,1.873650703
1729,52.52654894,2,2.136290487
1730,52.55692866,3,2.136290487
1731,52.58730839,3,3.399194911
1732,52.61768812,3,1.278247662
1733,52.64806785,3,1.424193658
1734,52.67844757,3,1.424193658
1735,52.7088273,3,2.673294126
1736,52.73920703,3,2.37780862
1737,52.76958676,3,1.644100719
1738,52.79996648,3,1.117229423
1739,52.83034621,3,1.424193658
1740,52.86072594,2,6.935976135
1741,52.89110567,2,3.913791615
1742,52.92148539,3,2.974212554
1743,52.95186512,3,1.424193658
1744,52.98224485,3,0.883247412
1745,53.01262458,3,28.3652954
1746,53.04300431,3,10.61184578
1747,53.07338403,4,4.612267467
1748,53.10376376,4,1.956895808
1749,53.13414349,4,0.936825351
1750,53.16452322,3,39.96581241
1751,53.19490294,4,14.05151703
1752,53.22528267,3,3.253248916
1753,53.2556624,3,0.790000501
1754,53.28604213,3,0.395000251
1755,53.31642185,2,26.72889185
1756,53.34680158,2,9.045972868
1757,53.37718131,2,3.487664303
1758,53.40756104,2,0.837922068
1759,53.43794076,2,0.592500376
1760,53.46832049,2,20.55006539
1761,53.49870022,2,7.141342073
1762,53.52907995,2,3.461161604
1763,53.55945967,2,0
1764,53.5898394,2,0.592500376
1765,53.62021913,5,133.1800468
1766,53.65059886,5,8.772353197
1767,53.68097858,5,3.250404127
1768,53.71135831,5,0.809169128
1769,53.74173804,5,0.809169128
1770,53.77211777,5,21.6911712
1771,53.80249749,5,11.14979887
1772,53.83287722,5,7.437907619
1773,53.86325695,5,5.619663121
1774,53.89363668,5,5.309219128
1775,53.9240164,5,15.83531395
1776,53.95439613,4,8.695649536
1777,53.98477586,4,7.077354565
1778,54.01515559,4,6.891116814
1779,54.04553531,4,6.765090901
1780,54.07591504,3,16.00111802
1781,54.10629477,3,9.299782543
1782,54.1366745,4,15.40461693
1783,54.16705422,4,3.647938458
1784,54.19743395,4,3.793853519
1785,54.22781368,3,16.49809909
1786,54.25819341,3,8.914296313
1787,54.28857313,3,6.176943701
1788,54.31895286,3,5.151433129
1789,54.34933259,3,5.151433129
1790,54.37971232,2,23.24697981
1791,54.41009204,2,7.983463857
1792,54.44047177,2,3.000715253
1793,54.4708515,3,13.82500878
1794,54.50123123,3,0.790000501
1795,54.53161096,2,16.0081031
1796,54.56199068,2,5.092683869
1797,54.59237041,2,3.000715253
1798,54.62275014,2,0
1799,54.65312987,2,0
1800,54.68350959,2,23.47639026
1801,54.71388932,2,8.486961782
1802,54.74426905,2,3.058651455
1803,54.77464878,2,1.185000752
1804,54.8050285,2,0.592500376
1805,54.83540823,2,21.73104034
1806,54.86578796,3,7.721914759
1807,54.89616769,3,2.70244132
1808,54.92654741,3,0.395000251
1809,54.95692714,3,0.395000251
1810,54.98730687,3,22.28829938
1811,55.0176866,3,8.540520372
1812,55.04806632,3,3.381448349
1813,55.07844605,3,0.395000251
1814,55.10882578,3,0.395000251
1815,55.13920551,3,22.82077662
1816,55.16958523,3,8.583717404
1817,55.19996496,4,2.761330143
1818,55.23034469,4,1.01146141
1819,55.26072442,4,0.296250188
1820,55.29110414,4,20.69254485
1821,55.32148387,4,7.226373808
1822,55.3518636,4,3.384264002
1823,55.38224333,4,0.592500376
1824,55.41262305,4,0.296250188
1825,55.44300278,4,18.80802536
1826,55.47338251,4,7.590231875
1827,55.50376224,4,3.244189778
1828,55.53414196,4,1.660645619
1829,55.56452169,4,1.134172256
1830,55.59490142,4,19.88769462
1831,55.62528115,4,7.569776148
1832,55.65566087,4,3.880122638
1833,55.6860406,4,1.553133289
1834,55.71642033,4,1.256883101
1835,55.74680006,3,39.24587849
1836,55.77717978,3,8.719941354
1837,55.80755951,2,1.777501128
1838,55.83793924,2,0.592500376
1839,55.86831897,2,0.592500376
1840,55.89869869,3,171.4024636
1841,55.92907842,3,8.022554311
1842,55.95945815,3,7.274485724
1843,55.98983788,3,6.325127284
1844,56.02021761,3,6.182731882
1845,56.05059733,4,153.7372672
1846,56.08097706,4,8.622920131
1847,56.11135679,4,5.387174336
1848,56.14173652,4,4.44635005
1849,56.17211624,4,3.609673207
1850,56.20249597,4,13.41017764
1851,56.2328757,4,9.316582703
1852,56.26325543,4,7.489795846
1853,56.29363515,4,7.478124296
1854,56.32401488,4,7.356658676
1855,56.35439461,3,22.08118529
1856,56.38477434,3,7.457174806
1857,56.41515406,3,4.656102496
1858,56.44553379,3,3.184593832
1859,56.47591352,2,0.592500376
1860,56.50629325,3,24.73440129
1861,56.53667297,3,6.9458751
1862,56.5670527,3,3.190688481
1863,56.59743243,3,1.117229423
1864,56.62781216,3,0.395000251
1865,56.65819188,3,11.84514984
1866,56.68857161,3,5.159595086
1867,56.71895134,3,3.249577304
1868,56.74933107,3,2.829101472
1869,56.77971079,3,2.13234788
1870,56.81009052,3,35.70540287
1871,56.84047025,3,6.322865241
1872,56.87084998,4,2.202715431
1873,56.9012297,4,0.418961034
1874,56.93160943,4,0
1875,56.96198916,4,15.66423507
1876,56.99236889,4,7.392381795
1877,57.02274861,5,3.874267301
1878,57.05312834,5,2.039516947
1879,57.08350807,5,1.754966762
1880,57.1138878,5,14.68782869
1881,57.14426752,5,6.093771768
1882,57.17464725,5,3.643493423
1883,57.20502698,5,2.374685774
1884,57.23540671,5,1.934461033
1885,57.26578643,4,25.43178373
1886,57.29616616,4,6.723517909
1887,57.32654589,3,3.243387566
1888,57.35692562,3,3.092230677
1889,57.38730534,3,2.30744107
1890,57.41768507,3,5.456452945
1891,57.4480648,3,4.421701315
1892,57.47844453,3,4.852729478
1893,57.50882426,3,4.170050837
1894,57.53920398,3,5.204802468
1895,57.56958371,4,10.46259112
1896,57.59996344,4,3.976764378
1897,57.63034317,4,3.336489755
1898,57.66072289,4,2.459043373
1899,57.69110262,4,2.193708453
1900,57.72148235,4,8.638582365
1901,57.75186208,4,5.152925119
1902,57.7822418,4,3.217687079
1903,57.81262153,4,2.459043373
1904,57.84300126,4,2.549396184
1905,57.87338099,3,4.516424335
1906,57.90376071,3,3.638387817
1907,57.93414044,3,2.541423081
1908,57.96452017,3,2.541423081
1909,57.9948999,3,2.673294126
1910,58.02527962,3,6.821301531
1911,58.05565935,3,4.477015072
1912,58.08603908,3,3.100037793
1913,58.11641881,3,3.188073809
1914,58.14679853,3,2.70244132
1915,58.17717826,2,9.506882437
1916,58.20755799,2,4.118785769
1917,58.23793772,2,3.321291239
1918,58.26831744,2,3.106266579
1919,58.29869717,2,2.466151079
1920,58.3290769,2,58.78700197
1921,58.35945663,2,5.098792367
1922,58.38983635,2,1.430422444
1923,58.42021608,2,0.837922068
1924,58.45059581,2,0.592500376
1925,58.48097554,2,23.16768791
1926,58.51135526,2,7.336234261
1927,58.54173499,3,3.461161604
1928,58.57211472,3,0.953614962
1929,58.60249445,3,0.395000251
1930,58.63287417,3,21.74758143
1931,58.6632539,3,7.614660308
1932,58.69363363,3,3.186474872
1933,58.72401336,3,0.883247412
1934,58.75439308,3,0
1935,58.78477281,3,22.39430674
1936,58.81515254,3,8.571440384
1937,58.84553227,2,1.324871118
1938,58.875912,2,0.837922068
1939,58.90629172,2,0.592500376
1940,58.93667145,1,26.49742235
1941,58.96705118,1,9.024696859
1942,58.99743091,1,3.35168827
1943,59.02781063,1,1.185000752
1944,59.05819036,1,0
1945,59.08857009,1,20.69514843
1946,59.11894982,1,7.949226706
1947,59.14932954,1,2.649742235
1948,59.17970927,1,0
1949,59.210089,1,0
1950,59.24046873,2,24.40065892
1951,59.27084845,2,5.837219547
1952,59.30122818,2,2.268344511
1953,59.33160791,2,0.592500376
1954,59.36198764,2,0
1955,59.39236736,2,15.64328969
1956,59.42274709,2,6.935976135
1957,59.45312682,2,3.913791615
1958,59.48350655,2,2.466151079
1959,59.51388627,2,1.873650703
1960,59.544266,2,16.20432295
1961,59.57464573,2,7.173135174
1962,59.60502546,2,3.913791615
1963,59.63540518,2,1.873650703
1964,59.66578491,2,1.873650703
1965,59.69616464,2,18.84027943
1966,59.72654437,2,7.494602812
1967,59.75692409,2,4.427243364
1968,59.78730382,2,1.873650703
1969,59.81768355,2,1.917371494
1970,59.84806328,2,20.17414489
1971,59.878443,2,9.297659136
1972,59.90882273,2,4.427243364
1973,59.93920246,2,2.728790863
1974,59.96958219,2,2.466151079
1975,59.99996191,1,3.555002257
1976,60.03034164,1,3.747301406
1977,60.06072137,4,3.747301406
1978,60.0911011,4,0.936825351
1979,60.12148082,4,0.936825351
1980,60.15186055,4,0.888750564
1981,60.18224028,4,0.662435559
1982,60.21262001,4,1.221470817
1983,60.24299973,4,0.936825351
1984,60.27337946,4,0.662435559
1985,60.30375919,3,0
1986,60.33413892,3,0
1987,60.36451865,3,0
1988,60.39489837,3,0
1989,60.4252781,3,0
1990,60.45565783,4,0
1991,60.48603756,4,1.802019543
1992,60.51641728,4,0.592500376
1993,60.54679701,4,0.296250188
1994,60.57717674,5,0.296250188
1995,60.60755647,4,4.409736965
1996,60.63793619,4,2.173021049
1997,60.66831592,4,1.081396593
1998,60.69869565,4,0.592500376
1999,60.72907538,4,0.662435559
2000,60.7594551,3,15.83077223
2001,60.78983483,3,2.03910097
2002,60.82021456,3,0.953614962
2003,60.85059429,3,0.395000251
2004,60.88097401,3,0.395000251
2005,60.91135374,4,6.369952959
2006,60.94173347,4,4.443752821
2007,60.9721132,5,1.48125094
2008,61.00249292,5,1.659001053
2009,61.03287265,5,0.948000602
2010,61.06325238,4,11.69992669
2011,61.09363211,4,4.090392542
2012,61.12401183,5,2.370001504
2013,61.15439156,5,1.185000752
2014,61.18477129,5,0.572168977
2015,61.21515102,5,25.21714007
2016,61.24553074,5,7.01860708
2017,61.27591047,5,2.481897797
2018,61.3062902,5,1.046169278
2019,61.33666993,5,0.23700015
2020,61.36704965,5,18.4415959
2021,61.39742938,5,7.692511566
2022,61.42780911,6,3.179170632
2023,61.45818884,6,1.382500878
2024,61.48856856,6,1.209314129
2025,61.51894829,7,35.92923169
2026,61.54932802,7,5.019839021
2027,61.57970775,7,2.409964466
2028,61.61008747,7,2.242395757
2029,61.6404672,7,1.882984076
2030,61.67084693,7,9.72023936
2031,61.70122666,7,4.711446109
2032,61.73160638,7,3.168750788
2033,61.76198611,7,2.031429861
2034,61.79236584,7,1.882984076
2035,61.82274557,6,9.209043987
2036,61.8531253,6,4.657785486
2037,61.88350502,6,2.96250188
2038,61.91388475,6,2.591815006
2039,61.94426448,6,2.867988445
2040,61.97464421,6,8.090649979
2041,62.00502393,6,4.835253217
2042,62.03540366,6,2.957532157
2043,62.06578339,6,3.033438712
2044,62.09616312,6,2.265748289
2045,62.12654284,7,8.431129065
2046,62.15692257,7,4.657039192
2047,62.1873023,7,2.776007416
2048,62.21768203,7,2.101550344
2049,62.24806175,7,2.242395757
2050,62.27844148,6,5.484633966
2051,62.30882121,6,2.56750163
2052,62.33920094,6,2.41662496
2053,62.36958066,6,1.604314379
2054,62.39996039,7,1.626624458
2055,62.43034012,4,8.463402776
2056,62.46071985,4,3.972267361
2057,62.49109957,4,1.970147157
2058,62.5214793,4,0.715211222
2059,62.55185903,4,0.592500376
2060,62.58223876,4,21.13606064
2061,62.61261848,4,3.546499162
2062,62.64299821,4,1.254935935
2063,62.67337794,4,0.592500376
2064,62.70375767,4,0.592500376
2065,62.73413739,5,10.87999551
2066,62.76451712,5,4.921092916
2067,62.79489685,4,1.970147157
2068,62.82527658,4,0.888750564
2069,62.8556563,4,0
2070,62.88603603,5,10.44377047
2071,62.91641576,5,3.897073976
2072,62.94679549,5,1.283169429
2073,62.97717521,5,0.23700015
2074,63.00755494,5,0.711000451
2075,63.03793467,5,11.85424294
2076,63.0683144,5,4.866068339
2077,63.09869412,5,2.148286703
2078,63.12907385,5,0.948000602
2079,63.15945358,5,0.474000301
2080,63.18983331,5,25.00911029
2081,63.22021303,5,5.386914713
2082,63.25059276,5,2.539403676
2083,63.28097249,5,0.711000451
2084,63.31135222,5,0.23700015
2085,63.34173195,5,18.84559344
2086,63.37211167,5,6.680891084
2087,63.4024914,5,2.425304416
2088,63.43287113,5,1.046169278
2089,63.46325086,5,0.23700015
2090,63.49363058,5,15.71964543
2091,63.52401031,5,5.970415233
2092,63.55439004,6,3.170810423
2093,63.58476977,6,1.856174442
2094,63.61514949,6,1.209314129
2095,63.64552922,4,16.81768795
2096,63.67590895,4,6.922093985
2097,63.70628868,4,3.376762039
2098,63.7366684,4,1.621121306
2099,63.76704813,4,1.23307554
2100,63.79742786,4,17.01896605
2101,63.82780759,4,6.376730131
2102,63.85818731,4,3.524338226
2103,63.88856704,4,1.529325728
2104,63.91894677,4,1.324871118
2105,63.9493265,3,12.9289826
2106,63.97970622,3,5.873843958
2107,64.01008595,4,2.977242969
2108,64.04046568,4,1.487106277
2109,64.07084541,4,1.221470817
2110,64.10122513,4,11.18136474
2111,64.13160486,4,4.817153964
2112,64.16198459,4,2.536086262
2113,64.19236432,4,1.813971193
2114,64.22274404,4,1.364395431
2115,64.25312377,4,10.90217474
2116,64.2835035,4,4.651552623
2117,64.31388323,4,2.579807053
2118,64.34426295,4,1.652036573
2119,64.37464268,4,1.221470817
2120,64.40502241,3,12.23327504
2121,64.43540214,3,5.147943173
2122,64.46578186,3,1.766494824
2123,64.49616159,3,0.395000251
2124,64.52654132,3,0
2125,64.55692105,3,14.14962352
2126,64.58730077,3,5.346588253
2127,64.6176805,3,1.766494824
2128,64.64806023,3,0.790000501
2129,64.67843996,3,0
2130,64.70881968,3,14.21505853
2131,64.73919941,3,5.159595086
2132,64.76957914,3,2.13234788
2133,64.79995887,3,0.558614712
2134,64.8303386,3,0
2135,64.86071832,3,16.44946273
2136,64.89109805,3,6.182731882
2137,64.92147778,4,2.13234788
